time_ms,dt,cur_x,cur_y,cur_z,cur_yaw,tgt_x,tgt_y,tgt_z,tgt_yaw,v_des_body_x,v_des_body_y,cmd_x,cmd_y,cmd_z,cmd_yaw,out_I_x,out_I_y,inn_I_x,inn_I_y,total_error
1776700910549,0.01,-1.3232968755207972,1.1948033207467672,0.8881174679111454,-0.17226930723009487,-2.0,0.0,2.0,0.0,-0.028482292880682828,-0.04048158831195985,0.0,0.0,0.0,60.0,-0.0067670312447920275,-0.011948033207467672,0.0,0.0,1.7668516799979959
1776700910653,0.104,-1.3256137537945298,1.1939905033830476,0.8885312050785275,-0.17070480262518933,-2.0,0.0,2.0,0.0,-0.26602692188615984,-0.4507432683460977,-20.455393443828736,-35.08826753822248,33.66701576913832,7.832791001800123,-0.07690320085016092,-0.1361230455593046,-0.02552167570929179,-0.04568271240145742,1.7651552377409185
1776700910759,0.106,-1.3264431963743615,1.19441764863056,0.8900899457636022,-0.16688879345108698,-2.0,0.0,2.0,0.0,-0.2349457958554921,-0.6505297410182854,-18.32344239264788,-51.13421589955369,60.0,7.146660008496926,-0.1483002220344786,-0.2627313163141439,-0.04953705616044317,-0.11492229259212955,1.7641464269061076
1776700910863,0.104,-1.3302826793637932,1.1947197236206064,0.8917916179215414,-0.18181630394470905,-2.0,0.0,2.0,0.0,-0.22421450210347466,-0.656461651916808,-17.03277888161241,-51.683663691947274,60.0,12.17199270325882,-0.2179508233806441,-0.386982167570687,-0.0690245479166659,-0.18279715938510083,1.7618179036657542
1776700910959,0.096,-1.3317678714312944,1.195601045541412,0.8921918284799317,-0.18067689126992326,-2.0,0.0,2.0,0.0,-0.225002264659279,-0.6589945378105821,-17.51355788641886,-52.25407370412837,60.0,8.38763761225987,-0.2821011077232398,-0.5017598679426626,-0.08900537921909174,-0.24666072871495984,1.7616001199585045
1776700911060,0.101,-1.3350288332293931,1.1952811177144065,0.8914108987887497,-0.16069581135833222,-2.0,0.0,2.0,0.0,-0.23755157537843027,-0.6561031292436054,-18.29396292148609,-51.96304173914261,60.0,2.9654195602674234,-0.3492631955670711,-0.6,-0.10983033023113474,-0.31208956833887513,1.7606400535956324
1776700911165,0.105,-1.3360363250884864,1.196912694333219,0.8934163884943206,-0.16955826844195915,-2.0,0.0,2.0,0.0,-0.2324677812742913,-0.6591369980139944,-18.31396576164861,-52.80744023146837,60.0,10.164501361471624,-0.41897938143278,-0.6,-0.1329710798310398,-0.38273712077072164,1.7601065447043143
1776700911264,0.099,-1.3383119587201824,1.1976782964454538,0.8941007433155856,-0.1645404406665676,-2.0,0.0,2.0,0.0,-0.23587957233460857,-0.6583680791531469,-18.429500990901616,-52.767152616446054,60.0,6.681498054930625,-0.484486497519482,-0.6,-0.15395285431439043,-0.44829807579009984,1.759340084146424
1776700911352,0.088,-1.341364292659252,1.1978102168980036,0.8947274873776422,-0.1779743393979243,-2.0,0.0,2.0,0.0,-0.22664125505572627,-0.6614773109706088,-17.571371078552104,-53.01125674825139,60.0,12.206558854197656,-0.5424464397654678,-0.6,-0.17086980978303648,-0.5,1.7578901097190434
1776700911452,0.1,-1.3439652645050917,1.1974377881220035,0.8954926477194263,-0.14812606374386378,-2.0,0.0,2.0,0.0,-0.24616103243383253,-0.6542125985061051,-19.32631124935956,-52.3931840158282,60.0,-0.0535350972690668,-0.6,-0.6,-0.19296838832937802,-0.5,1.756182029813605
1776700911552,0.1,-1.346823696540944,1.195396149128221,0.8995704385235207,-0.13126237025473206,-2.0,0.0,2.0,0.0,-0.25587463855775133,-0.6487694875390964,-20.144197760073983,-51.67234335324749,60.0,2.253307334835527,-0.6,-0.6,-0.21598923139834397,-0.5,1.7511586040454283
1776700911675,0.123,-1.2455540269368544,1.1836506214333589,0.8188419505352952,-0.11562795356281434,-2.0,0.0,2.0,0.0,-0.3169603520165632,-0.644698126533797,-40.71297645069963,-51.78885858380459,60.0,2.4995238799091957,-0.6,-0.6,-0.35692388647852413,-0.5,1.8344895360034188
1776700911761,0.086,-1.3655690601188084,1.1809090849635304,0.9191661571946309,-0.09913965192430037,-2.0,0.0,2.0,0.0,-0.26796957744210426,-0.6320811711881793,3.2552154332770087,-47.74508531035188,60.0,0.1573167885950713,-0.6,-0.6,-0.26081489811317526,-0.5,1.7219903252287327
1776700911862,0.101,-1.3792317742024305,1.1671781610772651,0.9330208546420958,-0.06115173814880639,-2.0,0.0,2.0,0.0,-0.28538290542149736,-0.614177878468099,-20.809551342263898,-46.81454527321325,60.0,-6.091547565014279,-0.6,-0.6,-0.2768405422472564,-0.5,1.6988533034032844
1776700911953,0.091,-1.3939425305983795,1.151680431646477,0.9448634939435213,-0.04361015539402276,-2.0,0.0,2.0,0.0,-0.2891015361191236,-0.601015411482824,-20.643893319338034,-45.18977425039473,60.0,-2.5330640368540207,-0.6,-0.6,-0.2891276563946786,-0.5,1.6754063743665253
1776700912062,0.109,-1.4153713640087189,1.1285461508606853,0.9618144718943126,-0.05580476168978936,-2.0,0.0,2.0,0.0,-0.27169850456009026,-0.5923493768232628,-18.76828103730575,-43.69148430989759,60.0,5.363679488618134,-0.6,-0.6,-0.2986376509165467,-0.5,1.6411082375674007
1776700912163,0.101,-1.4360321311257989,1.1042373463554176,0.9778740552493459,-0.06020346150248059,-2.0,0.0,2.0,0.0,-0.25950994433167873,-0.5807848310070306,-17.744051450095203,-42.25526100825616,60.0,3.9350017511744126,-0.6,-0.6,-0.30568740918469556,-0.5,1.6069042663273316
1776700912263,0.1,-1.4589677439459312,1.076158322148659,0.9958284605178711,-0.06601012603940766,-2.0,0.0,2.0,0.0,-0.24561641176878965,-0.5675165410042692,-16.299695359702124,-40.45075430215564,60.0,4.562085538754063,-0.6,-0.6,-0.3092155426602183,-0.5,1.5681814681747395
1776700912364,0.101,-1.4813347777997594,1.044908955870225,1.013485123868768,-0.03980083261425135,-2.0,0.0,2.0,0.0,-0.24985161207576406,-0.5448276303331584,-16.6670125709171,-38.27315933500154,60.0,-4.317510947424363,-0.6,-0.6,-0.3133446576171899,-0.5,1.527763050870798
1776700912466,0.102,-1.5070120359156638,1.0112440727395686,1.0322744065123914,-0.016994875592280512,-2.0,0.0,2.0,0.0,-0.24966015442049466,-0.5219401484675746,-15.984950545102022,-36.194322920681,60.0,-4.550353506151909,-0.6,-0.6,-0.3137085462502129,-0.5,1.4839624428110951
1776700912564,0.098,-1.5339335114337644,0.9757564002492433,1.0482832424775559,-0.03555703829885704,-2.0,0.0,2.0,0.0,-0.22710791925588178,-0.5082730553305037,-13.935466162764328,-34.455490405939535,60.0,6.252573603221023,-0.6,-0.6,-0.3103222341330574,-0.5,1.440514946448268
1776700912662,0.098,-1.5638900717226607,0.9382744554405706,1.0649794251814313,-0.034448576169912724,-2.0,0.0,2.0,0.0,-0.2133472595568573,-0.4887752707152698,-12.286984801008257,-32.55461042350252,60.0,1.3820715429449577,-0.6,-0.6,-0.302582422581148,-0.5,1.394565989334464
1776700912763,0.101,-1.5964445422170548,0.8988453924206055,1.0838915925230135,-0.03478714904801738,-2.0,0.0,2.0,0.0,-0.1976000479870315,-0.46857874789997056,-10.733055539484086,-30.824645086466493,60.0,1.7502361154386132,-0.6,-0.6,-0.29137660083850436,-0.5,1.3453752863911894
1776700912855,0.092,-1.6267492256931217,0.8627988331376893,1.0992247095427994,0.0017749914125214405,-2.0,0.0,2.0,0.0,-0.19941210400295165,-0.4430461599117652,-10.450519663710182,-29.015548130339187,60.0,-9.623149273158981,-0.6,-0.6,-0.27935389637000013,-0.5,1.301973152903967
1776700912966,0.111,-1.6640911388887178,0.8160735665335306,1.1184679549458973,0.037964523556190795,-2.0,0.0,2.0,0.0,-0.19576742751771495,-0.4129038758558617,-9.717173340421594,-26.364728714380792,60.0,-9.647060837436479,-0.6,-0.6,-0.2619955985479091,-0.5,1.2473610445356644
1776700913059,0.093,-1.6640911388887178,0.8160735665335306,1.1184679549458973,0.037964523556190795,-2.0,0.0,2.0,0.0,-0.19576742751771495,-0.4129038758558617,-16.110465254302934,-33.70650231675721,60.0,-1.8222971306971583,-0.6,-0.6,-0.2802019693070566,-0.5,1.2473610445356644
1776700913165,0.106,-1.741750170814862,0.7289736596850818,1.153184335868539,-0.03212821064565423,-2.0,0.0,2.0,0.0,-0.1289583173938834,-0.3808258485693752,1.9895648524971232,-15.85033864937716,60.0,17.41220713782424,-0.6,-0.6,-0.2190504790117494,-0.45081796593147466,1.1468183551928448
1776700913263,0.098,-1.779477833210871,0.6825596705037662,1.1663118673788775,-0.028907585416098985,-2.0,0.0,2.0,0.0,-0.1119989585726778,-0.3566660171463577,-2.6366146620529936,-20.4130618930944,60.0,0.5988395539592222,-0.6,-0.6,-0.19365600648766465,-0.43828617423577193,1.0997970868832472
1776700913360,0.097,-1.8178512430594123,0.6357196387159039,1.184460118378317,-0.001900085578452524,-2.0,0.0,2.0,0.0,-0.10244743089579918,-0.3300550739297133,-1.3825161901032805,-18.308982569382973,60.0,-6.5910638933014445,-0.6,-0.6,-0.1653090667215806,-0.4233886564541639,1.0499632980345501
1776700913463,0.103,-1.854587863997173,0.5894451498362306,1.2011926900829748,0.008603842045384717,-2.0,0.0,2.0,0.0,-0.08734189281832687,-0.3059824336127335,-0.734852189440113,-17.06220560052572,60.0,-2.8605015344123874,-0.6,-0.6,-0.13717188698910493,-0.4089481431701571,1.0033361312836468
1776700913562,0.099,-1.8904379755339626,0.542717038624554,1.2177582483130858,-0.01886012606758436,-2.0,0.0,2.0,0.0,-0.06142527485896737,-0.28456754851917493,1.24077340541746,-14.748006026224248,60.0,7.5632177149941295,-0.6,-0.6,-0.10829049931711723,-0.3897244321722211,0.9583568121011684
1776700913663,0.101,-1.9245181768469153,0.4959255662836688,1.2340673068546135,-0.025209831389496444,-2.0,0.0,2.0,0.0,-0.043172182577266044,-0.26113400689077065,2.254851696636366,-12.984317184335406,60.0,2.718912775268998,-0.6,-0.6,-0.07976099764681227,-0.36846329743538137,0.9155831821026618
1776700913761,0.098,-1.9750724146735665,0.45335585672597745,1.2690523165073355,0.02026425120649418,-2.0,0.0,2.0,0.0,-0.02929506841645951,-0.23813321819013783,7.063307916771655,-11.99601163587137,60.0,-12.109194081419629,-0.6,-0.6,-0.031225471712595203,-0.3502637570347791,0.8604867421066079
1776700913864,0.103,-1.9858403469460997,0.40021700382408165,1.2680295702274123,0.012164327033041765,-2.0,0.0,2.0,0.0,-0.021658508468136085,-0.21186072164184758,0.23910338781253732,-8.219556230739165,60.0,1.303473274868927,-0.6,-0.6,-0.022042780028889687,-0.31908147133352666,0.8343589491256138
1776700913967,0.103,-2.007976918786663,0.35236428643336515,1.2831082432668257,-0.0009103050323787991,-2.0,0.0,2.0,0.0,-0.00782380171305861,-0.18818934323380912,3.248389567162919,-7.184416267013973,60.0,3.090210850972566,-0.5991783773649737,-0.6,-0.0007556295000017213,-0.2905921250926309,0.7988479282435428
1776700914062,0.095,-2.0251105802949696,0.3024825665045631,1.2988903143308528,0.030626003179325914,-2.0,0.0,2.0,0.0,-0.004379504332858016,-0.16318370076856123,3.2451079052375027,-4.151178230189916,60.0,-9.437115490301467,-0.5967928722369515,-0.6,0.017481383357660515,-0.25676090178586813,0.7639902064954943
1776700914164,0.102,-2.0341252804166348,0.2533812331877594,1.3147569062185442,0.04688321320088639,-2.0,0.0,2.0,0.0,-0.001309191527475864,-0.1387817556611727,1.9790174198484618,-2.9109880571002433,60.0,-6.075620121068541,-0.5933120936344548,-0.6,0.028653825489488943,-0.22229174419990572,0.7313854535540372
1776700914263,0.099,-2.038719778960972,0.20285988730658389,1.330313323115468,0.015492340134018926,-2.0,0.0,2.0,0.0,0.005812179329273008,-0.11353360878643425,1.5347329201202138,-0.23322816486604336,60.0,6.8662762958379915,-0.5894788355173186,-0.6,0.03460584099507135,-0.18308746503408327,0.7008078198461216
1776700914362,0.099,-2.0387928629045087,0.15273565860901026,1.3473782845810902,-0.015023097725890068,-2.0,0.0,2.0,0.0,0.009010306149469393,-0.08824242936892097,0.6836364093952786,1.8046464608350876,60.0,8.118790596275208,-0.5856383420897723,-0.6,0.03481794413912492,-0.14170379518715825,0.671377815435822
1776700914463,0.101,-2.0308829204544168,0.10212795144852763,1.3625533218011379,-0.0032829449430445135,-2.0,0.0,2.0,0.0,0.003998091643449389,-0.06305119000706533,-1.046006308925321,3.804054480173851,60.0,-2.6321579178654804,-0.5825191671238762,-0.6,0.027145709552722934,-0.09749049879410335,0.646314274010431
1776700914562,0.099,-2.0192919896213106,0.05342292588691688,1.3795819338978021,0.02817932189092756,-2.0,0.0,2.0,0.0,-0.003056128203404585,-0.03864069549433818,-2.045588131377269,5.740436686289748,60.0,-8.979823652939569,-0.5806092601513665,-0.6,0.0166291167115312,-0.05230365716318556,0.6230126536595054
1776700914662,0.1,-2.0061933490448913,0.009254246287562074,1.3959482613121392,0.005602643357546351,-2.0,0.0,2.0,0.0,-0.00859614588164024,-0.016579222463120734,-2.974919284876773,6.6411071704753075,60.0,5.1494759668492645,-0.5799899252468773,-0.6,0.0029185271917882925,-0.009720206399512828,0.6041543690635451
1776700914761,0.099,-1.9937824148781482,-0.027627150813670513,1.411888818424276,-0.027061550751947827,-2.0,0.0,2.0,0.0,-0.014766064259161391,0.0014692712994932456,-3.624747958774003,6.837670625034056,60.0,9.217546947486024,-0.5806054661739406,-0.5972649120694467,-0.011947649164727464,0.026957326620109898,0.5887925608575766
1776700914861,0.1,-1.984357235519797,-0.056967081939260845,1.4276617946127235,0.01268260159966622,-2.0,0.0,2.0,0.0,-0.01925202441089815,0.016897695067403032,-3.199851874215319,6.794611555271032,60.0,-10.147361441171352,-0.5821697426219609,-0.5915682038755206,-0.02292517627984904,0.05810420023413461,0.5753789758508612
1776700914960,0.099,-1.9795127264316306,-0.07655044731106125,1.443199701448109,0.03477653462605287,-2.0,0.0,2.0,0.0,-0.020989627620936178,0.02734176084770962,-2.481168897544894,5.963395022033145,60.0,-7.02537863814427,-0.5841979827052295,-0.5839897095917255,-0.029163824989116592,0.0805510002710996,0.5624111234935381
1776700915073,0.113,-1.9847105050343599,-0.08865565450029197,1.461572458939217,-0.006203967311058024,-2.0,0.0,2.0,0.0,-0.0195666778189279,0.03272763441499674,-0.7889717174620646,4.7752774326002285,60.0,9.001613851202125,-0.5859256956363468,-0.5739716206331925,-0.026252280836740326,0.09638644383172151,0.5458917573145253
1776700915161,0.088,-1.9932852730403834,-0.09184694727294168,1.4755940885373786,-0.006282163779226672,-2.0,0.0,2.0,0.0,-0.015304794784570716,0.03451022623681746,0.49888681410880176,3.6635729221761655,60.0,0.32287017090342063,-0.586516591608793,-0.5658890892731736,-0.019044552067302777,0.10266844128296614,0.5324307553649051
1776700915261,0.1,-2.0068240511557334,-0.09038682330653637,1.490268701824988,0.023941044562889292,-2.0,0.0,2.0,0.0,-0.0074870102729101395,0.03424544706281009,1.8271233216941847,2.662987136673118,60.0,-8.402740141126518,-0.5858341864932196,-0.55685040694252,-0.006293308382763423,0.10430917892807878,0.517728057807191
1776700915364,0.103,-2.0268993334947387,-0.08247137786722307,1.5090682970887792,0.016283656600611793,-2.0,0.0,2.0,0.0,0.0022810197943836114,0.030235438619251737,3.7048884192020295,1.215686863628377,60.0,1.0026302219537406,-0.5830635551432615,-0.548355855022196,0.013885370798993761,0.09918214850577121,0.4985368985672882
1776700915464,0.1,-2.0469203096578505,-0.06901977237648699,1.5264187130616258,-0.003965714908005187,-1.0,1.0,3.0,-1.5,0.35027759658701796,0.38166067044351515,31.14196390459223,27.734482194843032,60.0,-60.0,0.10469203096578505,0.1069019772376487,0.06898729427972697,0.12397611311077017,2.100068384058224
1776700915568,0.104,-2.06541172152514,-0.05011369113931424,1.545763303096291,0.018416027708661332,-1.0,1.0,3.0,-1.5,0.546673205383854,0.5194002165750807,46.212090639538246,37.65888041843412,60.0,-60.0,0.21549485000439964,0.21611380111613737,0.14398142867801522,0.15875034120153492,2.086299420338032
1776700915672,0.104,-2.077661854305229,-0.025362221251932292,1.5653028247067595,-0.021514047474635877,-1.0,1.0,3.0,-1.5,0.534088291407536,0.5307484794032934,44.507687574363416,37.72947332384366,60.0,-60.0,0.32757168285214344,0.3227514721263383,0.21230637208142444,0.18946597072033738,2.0666588353643873
1776700915769,0.097,-2.080891995005281,0.000400788613739854,1.582248148706441,-0.0494836237364226,-1.0,1.0,3.0,-1.5,0.5232852224348148,0.5347318868960464,42.454090874961715,37.61111297039934,60.0,-60.0,0.4324182063676557,0.41971259563080554,0.2675655523353728,0.21576326331856205,2.0439046944798682
1776700915873,0.104,-2.0779280640624473,0.02548230482682227,1.5968811547159105,-0.07410777010132884,-1.0,1.0,3.0,-1.5,0.511497075190175,0.5370253035839129,40.665589080050744,38.26002066349523,60.0,-60.0,0.5445227250301502,0.5210624359288161,0.31966248673958586,0.24638177120871582,2.019989144399151
1776700915976,0.103,-2.0685980618158695,0.05556634840926789,1.6143038380119494,-0.10410777517721287,-1.0,1.0,3.0,-1.5,0.493021468717921,0.5383664151277572,38.473236955923376,37.40702854519022,60.0,-60.0,0.6,0.6,0.3642905396851768,0.27094278095045815,1.9884694097023596
1776700916076,0.1,-2.0496553913368905,0.09058141757849847,1.6317058466888348,-0.13772027290990446,-1.0,1.0,3.0,-1.5,0.4676724258407451,0.5359888426519409,35.157627489140914,35.957767845769915,60.0,-57.32242744447858,0.6,0.6,0.3971015250384045,0.28725758392205425,1.9496275256062765
1776700916184,0.108,-2.023861262859679,0.12638645008216975,1.649994516764325,-0.17170647985103482,-1.0,1.0,3.0,-1.5,0.4395411224794138,0.5317277775789314,32.34386142198463,35.77546288604754,60.0,-56.205598535788035,0.6,0.6,0.42527494054786175,0.30499839028479786,1.9063072483078476
1776700916264,0.08,-1.9999014811247005,0.15302426917624493,1.6626040255529577,-0.20192621374236558,-1.0,1.0,3.0,-1.5,0.4142089230484188,0.5293148493575459,29.54976017494981,35.282957911815856,60.0,-53.241621572967205,0.6,0.6,0.4402810807689192,0.31644168756334484,1.8723778606432404
1776700916385,0.121,-1.9587861025512614,0.19248810067433625,1.6826684507149436,-0.23070886379225336,-1.0,1.0,3.0,-1.5,0.3833034275750074,0.5171060074407073,26.65279026422139,34.21412762490123,60.0,-55.217019156175915,0.6,0.6,0.4556588897030322,0.33119153758828734,1.818435775258435
1776700916474,0.089,-1.924887161114161,0.22110975844616296,1.6975513703493357,-0.2628336038088502,-1.0,1.0,3.0,-1.5,0.3538474447171831,0.5109274723427364,23.869138713612625,33.50183982485133,60.0,-50.721135776744624,0.6,0.6,0.46185295918193164,0.3402178090923922,1.7772053066712636
1776700916573,0.099,-1.8835411945984146,0.2522132061416568,1.7127052433757366,-0.29203374056675413,-1.0,1.0,3.0,-1.5,0.32345922186914244,0.5001955623100063,21.048487890196512,32.47938413511218,60.0,-50.90355942057665,0.6,0.6,0.4632347263759916,0.34804710897511765,1.731172412572952
1776700916671,0.098,-1.8400670018900298,0.28250418647565667,1.728708581281392,-0.32162923678890265,-1.0,1.0,3.0,-1.5,0.2926814267257121,0.48830783196375194,18.393039901186608,31.345741328773748,60.0,-49.31392000830038,0.6,0.6,0.4602479608580381,0.3534208243044213,1.684248996258283
1776700916765,0.094,-1.7981355120195577,0.3094832758793383,1.7410775407261323,-0.3461488497970002,-1.0,1.0,3.0,-1.5,0.2654760415977468,0.4755341298272259,16.271466607480686,30.58322052465265,60.0,-49.12452848427227,0.6,0.6,0.4549117318639415,0.35851575727881946,1.6427779522203283
1776700916872,0.107,-1.745072016189526,0.34060221937711144,1.7570578736868265,-0.38368943502127895,-1.0,1.0,3.0,-1.5,0.22866333744997278,0.46080272489186513,12.843369043841275,28.82397981738455,60.0,-45.162588937831984,0.6,0.6,0.44182266441859824,0.3591013578774697,1.5921189879412372
1776700916973,0.101,-1.6953683218426836,0.3675347819218299,1.7714141849871188,-0.41952210272935625,-1.0,1.0,3.0,-1.5,0.19479664900744728,0.4462774997574535,10.340515684508594,27.89589642247565,60.0,-43.348245752220045,0.6,0.6,0.4270738321960884,0.35933280511032767,1.5469235468994074
1776700917071,0.098,-1.6434344437462334,0.3930933208214311,1.7847620822182972,-0.44538813083690026,-1.0,1.0,3.0,-1.5,0.16526106678145466,0.4284469318818831,7.526702194189152,26.14062695580857,60.0,-44.28683222410372,0.6,0.6,0.40741285240434977,0.35588192709028454,1.5030458401010236
1776700917172,0.101,-1.5889215542081123,0.4171350162227881,1.798549127573293,-0.4723618793892721,-1.0,1.0,3.0,-1.5,0.13484314764021363,0.4096422958770621,4.9662074843998,24.769446616698403,60.0,-42.91702617290977,0.6,0.6,0.3834272427745714,0.35104389897266375,1.4594671579653322
1776700917272,0.1,-1.5325310607365816,0.44005312539199526,1.8133565533414386,-0.5050795687166197,-1.0,1.0,3.0,-1.5,0.10224092351916887,0.39016276993097104,2.154202294148163,22.939193796509027,60.0,-39.903935263038825,0.6,0.6,0.35539153323727257,0.3427176470804931,1.41606938478671
1776700917373,0.101,-1.4735929821801483,0.46136721840848227,1.8268135613657845,-0.5335795549153319,-1.0,1.0,3.0,-1.5,0.07112904117833613,0.36875366467349996,-0.5956089665113509,21.1447285069835,60.0,-39.61590741585523,0.6,0.6,0.322671097804324,0.3316335037279572,1.3750570918949279
1776700917473,0.1,-1.4125587584333366,0.48153093244107753,1.8405097578538967,-0.5604427033888103,-1.0,1.0,3.0,-1.5,0.04070920941716173,0.34576989454607737,-3.3436037637364846,19.006066962070836,60.0,-38.6515946037023,0.6,0.6,0.28576306708203353,0.31668799978327045,1.3354521799029362
1776700917574,0.101,-1.3514331784310003,0.5014459773418924,1.8527239021786917,-0.5862444395205452,-1.0,1.0,3.0,-1.5,0.011824504652310516,0.3215017505480659,-5.447654562256526,16.99003859943198,60.0,-37.72916128755208,0.6,0.6,0.24705597981181732,0.2987530615921007,1.2993474658623014
1776700917672,0.098,-1.2930730395837993,0.5229161613977649,1.8654449014474639,-0.617415312859677,-1.0,1.0,3.0,-1.5,-0.01577901733950133,0.2960677355718026,-7.056893483317966,14.501596935350094,60.0,-34.73038171600932,0.6,0.6,0.2103538153057734,0.27647498213402877,1.265194082833889
1776700917769,0.097,-1.239594368861452,0.5475158575379934,1.8786396526098443,-0.6429900985174779,-1.0,1.0,3.0,-1.5,-0.03736968515626195,0.26969109914794576,-7.58387188146277,12.18497160636686,60.0,-34.80869325273613,0.6,0.6,0.17867938716371315,0.25088238626587167,1.2327191040414136
1776700917871,0.102,-1.1936916593710443,0.5767205923394908,1.8919720425202216,-0.6814671898477571,-1.0,1.0,3.0,-1.5,-0.05634303287234572,0.24225522577636888,-6.972415036270768,10.462455156555519,60.0,-30.236141633124316,0.6,0.6,0.15567912140423762,0.2239949413855007,1.2018352093428408
1776700917968,0.097,-1.1541674400122797,0.6101767907726284,1.9060615703808972,-0.7021050770180763,-1.0,1.0,3.0,-1.5,-0.0656149307113845,0.21550638543134346,-6.28589532522749,7.9142543015389215,60.0,-33.19267494140387,0.6,0.6,0.14074524276799893,0.19382999557038263,1.1715080118419061
1776700918071,0.103,-1.1220565723017735,0.6488753059156079,1.9207520729926737,-0.7309368180488194,-1.0,1.0,3.0,-1.5,-0.07083735268611774,0.188400727362013,-4.782651658079043,6.402814951472799,60.0,-30.19695715367774,0.6,0.6,0.13537473857895282,0.16298614698625516,1.1414738041617631
1776700918174,0.103,-1.0960715939901344,0.6912457305405781,1.9361975648552765,-0.7644372231981664,-1.0,1.0,3.0,-1.5,-0.07182260145534813,0.16163898602097063,-3.3392216606733567,4.513644824761468,60.0,-27.501093640038185,0.6,0.6,0.13854766182565112,0.13106817024924494,1.1118608595957815
1776700918275,0.101,-1.074597435126628,0.7378372055318794,1.952774086497283,-0.7923195268610063,-1.0,1.0,3.0,-1.5,-0.06725430863792196,0.13557104321157049,-1.5717392068739064,2.3093551496999085,60.0,-27.34316481059095,0.6,0.6,0.14984829608879763,0.09675525393345258,1.0821165473470988
1776700918373,0.098,-1.0579373574577853,0.7868694597215198,1.9701881302790378,-0.8193203346316885,-1.0,1.0,3.0,-1.5,-0.058663452441452324,0.11088171746339277,0.42124686485420976,0.4502899673871827,60.0,-26.060181218328196,0.6,0.6,0.16855212762161417,0.061973241987610186,1.0532301987726955
1776700918475,0.102,-1.044365352233949,0.838477884327787,1.9877463330938039,-0.8473289594147572,-1.0,1.0,3.0,-1.5,-0.04689728968915819,0.08702708438872724,2.163016651614457,-0.9564443622860719,60.0,-24.737945293251975,0.6,0.6,0.19346538886438205,0.0265134532046757,1.0260190858337432
1776700918574,0.099,-1.0311757019429453,0.8902818324266013,2.006428568195758,-0.8833348628620092,-1.0,1.0,3.0,-1.5,-0.034166047522084596,0.0637487866766084,3.7579928455876814,-2.8887510641237673,60.0,-20.871222716623056,0.6,0.6,0.22175026581151228,-0.010242771521186224,1.0000970906791156
1776700918673,0.099,-1.018310663594453,0.9381641881395443,2.0246089571800225,-0.912570177825478,-1.0,1.0,3.0,-1.5,-0.021010411006586443,0.042989037465625365,4.566402664838193,-3.9591439141978517,60.0,-21.109282382324025,0.6,0.6,0.2496792091493319,-0.0454544470368232,0.9775206567859086
1776700918773,0.1,-1.0055113764468089,0.9784699782058691,2.042050722424835,-0.9408168966807877,-1.0,1.0,3.0,-1.5,-0.009702039798925232,0.02533468925860145,4.569538644428786,-4.390689109183806,60.0,-20.06157643404786,0.6,0.6,0.2737372605423172,-0.0770085843241971,0.9582070420924563
1776700918872,0.099,-0.9933596535002973,1.0067756461123776,2.0593152356737012,-0.9649480405473688,-1.0,1.0,3.0,-1.5,-0.0021330244983794053,0.012020824538552015,3.6755898498573067,-4.115043117632471,60.0,-19.83251978304,0.5993426056965294,0.5993292110348746,0.28987398209640686,-0.10192640783954536,0.9407326025058877
1776700918984,0.112,-0.9826741041886158,1.021851572209057,2.0780767719350632,-0.9897575909408071,-1.0,1.0,3.0,-1.5,0.0009573648096645177,0.0033013842793848222,2.0475026684700386,-2.864199942464624,60.0,-19.175303407675905,0.5974021053656544,0.5968818349474602,0.29671784931735506,-0.11876369093724479,0.9223449009558995
1776700919088,0.104,-0.9765328593432586,1.0205794945008908,2.095054291949169,-1.021421052663189,-1.0,1.0,3.0,-1.5,-0.0012823972203245865,0.0009793853249162306,0.03407976228473692,-1.0848539654283669,60.0,-15.664836767001852,0.5949615227373533,0.5947415675193676,0.29229290856513923,-0.12323517986579476,0.9054838247059609
1776700919172,0.084,-0.9731454404611295,1.0081781994453791,2.110233807177361,-1.0490121917149446,-1.0,1.0,3.0,-1.5,-0.007539230880889395,0.0025199184564878275,-2.4159968294873764,0.532464216175863,60.0,-13.764232211466796,0.5927057397360881,0.5940545987659557,0.27922015911326153,-0.11977901777592767,0.8902089239073537
1776700919280,0.108,-0.9730877245638438,0.9813716455243736,2.127401684146657,-1.0781444182228566,-1.0,1.0,3.0,-1.5,-0.019495409117000404,0.008580901314034177,-4.701246408943739,2.4552507063059483,60.0,-13.775239812433544,0.5897992139889833,0.5960664610493234,0.2534685932629855,-0.10622459529581954,0.8732119484922958
1776700919379,0.099,-0.9753969755362467,0.9508539828890226,2.143150251441607,-1.1111306665587288,-1.0,1.0,3.0,-1.5,-0.03302265094342856,0.01572884813319068,-6.690592428367637,3.7976134548762803,60.0,-10.66906174193927,0.5873635145670717,0.6,0.22387389052463838,-0.0890587714490437,0.8586105819375963
1776700919471,0.092,-0.978497691425896,0.9231098429726697,2.1571960998690947,-1.1332395940359676,-1.0,1.0,3.0,-1.5,-0.04528731236753668,0.022241409038949993,-7.604486621062362,4.3670728196808755,60.0,-11.83695318786343,0.5853853021782541,0.6,0.19589096216757257,-0.0724480063781544,0.8465771433233764
1776700919572,0.101,-0.9814377529500914,0.8969386185264755,2.1721140409307447,-1.164359789524955,-1.0,1.0,3.0,-1.5,-0.057410691694442205,0.027310600145294302,-8.053454282450442,4.2855155133903065,60.0,-8.715832164824999,0.5835105152262133,0.6,0.1672156055377332,-0.0566425878181086,0.8344826940031733
1776700919683,0.111,-0.9811791543118972,0.8779090398154583,2.188048796773642,-1.2030988607212312,-1.0,1.0,3.0,-1.5,-0.06736563661650448,0.028327243285491483,-7.7235413719275625,3.1389694438008933,60.0,-5.875239291591421,0.5814214013548339,0.6,0.1418874678045687,-0.04689905704169688,0.8212948211281558
1776700919773,0.09,-0.9784717933775402,0.8715567421986152,2.2008973064484643,-1.2220808870186484,-1.0,1.0,3.0,-1.5,-0.07135194173802303,0.026820117352941476,-6.558748937929902,1.8826138513487765,60.0,-8.278243743793643,0.5794838627588125,0.6,0.1285707444692868,-0.04485913595156201,0.8096457552512283
1776700919873,0.1,-0.9735672583949941,0.8730100846030932,2.21222601810656,-1.242907545619932,-1.0,1.0,3.0,-1.5,-0.07201380913674241,0.02272269460352721,-5.2902216615164335,0.7092445331703932,60.0,-7.3420397459351605,0.5768405885983119,0.6,0.12116579721945209,-0.04769815089793662,0.798381472098092
1776700919975,0.102,-0.9632545477759145,0.885817704699278,2.2289379439734374,-1.2769000687777947,-1.0,1.0,3.0,-1.5,-0.0681306565281038,0.013400019359112345,-3.3076632228209086,-1.5311259908490844,60.0,-2.7105559556393564,0.5730925524714552,0.6,0.12348750787580029,-0.05991203352492261,0.7803361577315278
1776700920081,0.106,-0.9475620511048566,0.911785456638581,2.2473245177781322,-1.3124247505714277,-1.0,1.0,3.0,-1.5,-0.05804386717812963,-3.8999890115999134e-05,-0.5297414389459347,-3.9512093323450728,60.0,-0.9602877928809805,0.56753412988857,0.6,0.1384311357402031,-0.08172271827579686,0.7596393392148109
1776700920178,0.097,-0.9353492866309403,0.9377194744199551,2.260891700907158,-1.3340513827522429,-1.0,1.0,3.0,-1.5,-0.04688574105350968,-0.010393441707540647,0.9583277542077941,-4.444538222273548,60.0,-2.6146143254226057,0.5612630106917712,0.6,0.15622947069122728,-0.10068554511983988,0.744539895770246
1776700920279,0.101,-0.9231983623343722,0.9704196248786036,2.2762834492973822,-1.360124789392779,-1.0,1.0,3.0,-1.5,-0.03191317905754618,-0.02112416154924858,3.3041571134534866,-5.3486158518208775,60.0,-0.5183491252568297,0.5535060452875428,0.6,0.182442452384288,-0.12153950686786757,0.7283811748674862
1776700920378,0.099,-0.9164864835112846,1.0031803700545532,2.29258285246951,-1.386314493979026,-1.0,1.0,3.0,-1.5,-0.01588638796280443,-0.028420087983090835,5.027961587216302,-4.91992630919582,60.0,0.8921150046288634,0.5452382071551599,0.5996851433645992,0.21184333412858153,-0.1369606222666253,0.7123367481817641
1776700920481,0.103,-0.9166730190107583,1.031354210305358,2.310103742573529,-1.4038463026925538,-1.0,1.0,3.0,-1.5,-0.0014439925466118858,-0.031123154274704228,5.466435926670344,-3.6476326152457395,60.0,-0.5302958287703352,0.536655528113268,0.5964556597031474,0.2395077168987697,-0.14466416881052457,0.6956172210890882
1776700920588,0.107,-0.9242816916629675,1.0501205349365585,2.3269387473400895,-1.383198281119556,-1.0,1.0,3.0,-1.5,0.00791692792232564,-0.029278271180871424,4.738429039669849,-2.0464338036914826,60.0,-10.237814447868303,0.5285536691212055,0.5910927624649356,0.2602109128410675,-0.14382167756144515,0.6791588768998581
1776700920686,0.098,-0.9391501381740749,1.0590525633190437,2.3454705654515164,-1.4051850330636053,-1.0,1.0,3.0,-1.5,0.014283674622228668,-0.022637595515035035,4.001081297196505,0.2588406885181066,60.0,0.8333922672283961,0.5225903826622649,0.5853056112596693,0.2728716733074105,-0.13284764113932612,0.6599990087940598
1776700920787,0.101,-0.9597203910715304,1.055500526247829,2.361751145212136,-1.4184607807929988,-1.0,1.0,3.0,-1.5,0.014486690398943005,-0.012107891160063805,1.8823951962855223,2.4355786168491758,60.0,-0.7592493981197973,0.5185221421604894,0.5797000581086386,0.27394540187622973,-0.11319949078162687,0.6419223909065925
1776700920889,0.102,-0.9807671478984058,1.0406335533091036,2.3785328606889067,-1.4133431840274875,-1.0,1.0,3.0,-1.5,0.008808820623986536,-0.000674818559680042,-0.5312695530975289,3.7564878298675657,60.0,-5.3636675820950215,0.5165603912461268,0.57555543567111,0.2634610377546919,-0.09015072576409648,0.6230909993716804
1776700920994,0.105,-1.0038859472052177,1.0150200423975202,2.3962984505893647,-1.4453643010766888,-1.0,1.0,3.0,-1.5,-0.002401797086412254,0.012682451837070842,-3.32585271755458,5.28259994470748,60.0,4.696598920069934,0.5169684157026747,0.5739783312193704,0.24068880512615998,-0.06267756025842192,0.603900871849103
1776700921075,0.081,-1.01702131052267,0.992666682282327,2.4091368509874282,-1.4654335625218888,-1.0,1.0,3.0,-1.5,-0.01308872795249833,0.020367058492211276,-4.997463331738783,4.876982194027608,60.0,4.287258836665494,0.518347141855011,0.5745723299545019,0.21878063806661074,-0.04561445108849997,0.5911537561596899
1776700921180,0.105,-1.0278909602966622,0.9604629955916011,2.4255920808572973,-1.44759611045495,-1.0,1.0,3.0,-1.5,-0.028110488787188626,0.02803797327660453,-6.886803510631605,4.6308535558424175,60.0,-6.592518599177003,0.5212756926861605,0.5787237154173838,0.1852051977036289,-0.02792572906754869,0.5764421375625739
1776700921282,0.102,-1.0295772791138504,0.9346731836742901,2.4406510691200682,-1.4218510693889033,-1.0,1.0,3.0,-1.5,-0.04012926641450082,0.031579118965258335,-7.119102248676286,3.3751999369170576,60.0,-9.808805390755396,0.5242925751557732,0.5853870506826062,0.1558579831616456,-0.019209927767820253,0.5639269765205015
1776700921384,0.102,-1.02251990888875,0.9169500765444021,2.4558125975083382,-1.4543326730523427,-1.0,1.0,3.0,-1.5,-0.05050815340150595,0.02784948057684254,-6.793925164881875,1.2347494078724244,60.0,5.450698580262907,0.5265896058624258,0.5938581428750772,0.13228303446459552,-0.021319407918062583,0.5509486047835679
1776700921482,0.098,-1.0089924235215604,0.9076693689462462,2.4700126930744926,-1.4718234509971462,-1.0,1.0,3.0,-1.5,-0.05639398580616036,0.020719393043423563,-5.991965863878219,-0.7834317750928689,60.0,2.9309814710801927,0.5274708633675387,0.6,0.11618446497446577,-0.03183315226738593,0.5380449373553547
1776700921582,0.1,-0.9893384062296277,0.9056533454254075,2.4842741300989717,-1.4439274170700394,-1.0,1.0,3.0,-1.5,-0.058040139042407686,0.012642658751888516,-5.017041071679015,-2.6266770486477466,60.0,-9.386532123143748,0.5264047039905014,0.6,0.10589383041677206,-0.04980985782453839,0.524393109886385
1776700921685,0.103,-0.9635642056112281,0.9124350752896758,2.4988505081585775,-1.4356424637276806,-1.0,1.0,3.0,-1.5,-0.05632001926080823,-0.00017776642798290158,-3.5155054694911607,-4.865553830960588,60.0,-5.019636306281149,0.5226518171684579,0.6,0.10333986581332144,-0.07628111250782114,0.5100450924429933
1776700921783,0.098,-0.9354027182193173,0.9274564094467974,2.512381264747488,-1.4449081494164302,-1.0,1.0,3.0,-1.5,-0.05064854043327713,-0.015737528803671207,-1.5336105222395637,-7.028468356059416,60.0,-0.3752613123991948,0.516321283553951,0.6,0.10974293053503761,-0.10764804059631664,0.49719956990434244
1776700921883,0.1,-0.9084871792805116,0.9498582153711125,2.526931085302042,-1.4665471592567811,-3.0,-1.0,3.0,-1.5,0.2613825216210889,-0.40135073914436914,24.360200018303736,-37.07410867773348,60.0,-1.6057363556745052,-0.20915128207194889,-0.19498582153711125,0.15536052577784248,-0.17688367014430778,2.898304183024569
1776700921977,0.094,-0.8887105015424226,0.973900211984249,2.5412959487109212,-1.474279152658646,-3.0,-1.0,3.0,-1.5,0.5602418256650533,-0.7584914050392986,48.60641921942912,-60.0,60.0,0.7395253025592468,-0.40761249492696117,-0.38053244146363063,0.23004753166374584,-0.27018336049045727,2.9264713905722237
1776700922081,0.104,-0.8739898479115189,1.0058939524908947,2.5604363302443045,-1.4931783053811984,-3.0,-1.0,3.0,-1.5,0.9091552483981169,-1.13889716602133,60.0,-60.0,60.0,4.0339015942711525,-0.6,-0.5891454125226836,0.35535565122789403,-0.4057857970670493,2.9557986966625327
1776700922186,0.105,-0.8709494128344341,1.0304043416811504,2.579178965807149,-1.4688017087482421,-3.0,-1.0,3.0,-1.5,0.9122543468653375,-1.1755181896203832,60.0,-60.0,59.28363206640859,-7.069311496188682,-0.6,-0.6,0.4752157971093569,-0.5,2.9719502916850487
1776700922282,0.096,-0.8764151769346012,1.0486369867361973,2.597099446029606,-1.4484235800796814,-3.0,-1.0,3.0,-1.5,0.897493480352387,-1.1922632324645828,60.0,-60.0,57.80425950872296,-7.570200323315467,-0.6,-0.6,0.5,-0.5,2.9780622660661273
1776700922382,0.1,-0.8912621527068121,1.0586793453611203,2.614960188795719,-1.4544811996330618,-3.0,-1.0,3.0,-1.5,0.9105480162061397,-1.1800141123735408,60.0,-60.0,56.71764803617473,-0.7310737248017513,-0.6,-0.6,0.5,-0.5,2.9720685745513054
1776700922481,0.099,-0.9124193253816547,1.0578584380117533,2.6333349212154538,-1.4828635918975517,-3.0,-1.0,3.0,-1.5,0.944188555112156,-1.1431250359128786,60.0,-60.0,55.14928546710455,6.058032353989126,-0.6,-0.6,0.5,-0.5,2.954186470745582
1776700922581,0.1,-0.9402426929126958,1.0475945280379215,2.6532405084650947,-1.496314194806899,-3.0,-1.0,3.0,-1.5,0.9553958905291855,-1.116067109639489,60.0,-60.0,53.19215503900628,3.051226048974501,-0.6,-0.6,0.5,-0.5,2.9249761811542894
1776700922684,0.103,-0.9725657913293112,1.0278503604754137,2.672877632943588,-1.47742648232573,-3.0,-1.0,3.0,-1.5,0.9258245043337463,-1.1169006404989783,60.0,-60.0,51.76865645537871,-5.4845492323266845,-0.6,-0.6,0.5,-0.5,2.886117738069083
1776700922782,0.098,-1.011574590787181,1.0011330575619268,2.6921428395752662,-1.4665740375911813,-3.0,-1.0,3.0,-1.5,0.9023920712664161,-1.1060938169225896,60.0,-60.0,49.95915533100526,-4.262187763267853,-0.6,-0.6,0.5,-0.5,2.8378063981348505
1776700922878,0.096,-1.0523120844643552,0.9671172516165063,2.711682942456136,-1.4925620937052586,-3.0,-1.0,3.0,-1.5,0.9154653806517788,-1.0606358580194408,60.0,-60.0,48.02758306075815,6.139994526371734,-0.6,-0.6,0.5,-0.5,2.7831933500210897
1776700922983,0.105,-1.0960214048368497,0.9273368886146856,2.728411082173169,-1.5013849518821374,-3.0,-1.0,3.0,-1.5,0.9064609263278589,-1.02933612979909,60.0,-60.0,47.69991266073448,2.083130987914887,-0.6,-0.6,0.5,-0.5,2.7227784546930605
1776700923082,0.099,-1.1407022193146046,0.8821657038626498,2.7420955943928047,-1.4853806387587072,-3.0,-1.0,3.0,-1.5,0.8692743744970958,-1.0195251920241424,60.0,-60.0,47.12520131684349,-4.581562824049984,-0.6,-0.6,0.5,-0.5,2.65820440457276
1776700923189,0.107,-1.1907907675439402,0.8279738234952106,2.756009365536664,-1.4688081428387918,-3.0,-1.0,3.0,-1.5,0.8278543539561992,-1.0061177624185778,57.86149464890954,-60.0,46.22657414323133,-5.214404490261071,-0.6,-0.6,0.5,-0.5,2.58345849122717
1776700923285,0.096,-1.232612161334343,0.7813903335696515,2.7659737674884246,-1.4826214017050265,-3.0,-1.0,3.0,-1.5,0.8203128502978304,-0.9717062256169491,57.47445924122447,-60.0,46.166961135104685,2.6191419983999604,-0.6,-0.6,0.5,-0.5,2.5202737094018612
1776700923382,0.097,-1.2786914522972952,0.72780279197469,2.7752612864918818,-1.5064313321274316,-3.0,-1.0,3.0,-1.5,0.8179580443026561,-0.927185728386813,55.927230906082194,-60.0,45.73924269369222,6.1998207476602465,-0.6,-0.6,0.5,-0.5,2.449227040047372
1776700923480,0.098,-1.3266619843049872,0.6723234784881176,2.7828332130289892,-1.487199290243028,-3.0,-1.0,3.0,-1.5,0.774336181936271,-0.9165265397918034,52.47943866325787,-60.0,45.76508853731016,-5.324321876760038,-0.6,-0.6,0.5,-0.5,2.375686710161092
1776700923583,0.103,-1.3758293151357577,0.6157385595660816,2.7890654010962757,-1.4733382522457086,-3.0,-1.0,3.0,-1.5,0.7357920767416922,-0.8999512805411057,49.88614850585578,-60.0,45.92952371541491,-4.509520318765853,-0.6,-0.6,0.5,-0.5,2.3006596687593177
1776700923684,0.101,-1.4247354047650553,0.5593675373319521,2.7948359805187875,-1.5094416405515014,-3.0,-1.0,3.0,-1.5,0.7411637162901342,-0.8466707427431033,49.81778043620698,-58.2247789372015,45.80554770345185,9.032221710224825,-0.6,-0.6,0.5,-0.5,2.226022896642152
1776700923794,0.11,-1.480440468428917,0.4971124235252252,2.801622541743457,-1.5398548572629427,-3.0,-1.0,3.0,-1.5,0.7363159822918949,-0.7949393262055936,49.03232033902523,-54.07909979606214,45.390865829698214,8.548644067481161,-0.6,-0.6,0.5,-0.5,2.1423726087229618
1776700923883,0.089,-1.526551005981837,0.44515497820116284,2.807850489150773,-1.527110004978307,-3.0,-1.0,3.0,-1.5,0.7011780157929721,-0.7800909242411729,46.10094085660204,-52.571342360374885,44.83835515464908,-2.1355338602688443,-0.6,-0.6,0.5,-0.5,2.0727870810848703
1776700923982,0.099,-1.5784121915776708,0.38660896766849745,2.8152120415374076,-1.4922143225377007,-3.0,-1.0,3.0,-1.5,0.6463877750514301,-0.7759305942837774,42.046578092596505,-51.786754986567985,44.26663628416986,-8.833271897731304,-0.6,-0.6,0.5,-0.5,1.994427967078899
1776700924082,0.1,-1.630597347044255,0.3295549743047143,2.821953169448992,-1.5222969158575594,-3.0,-1.0,3.0,-1.5,0.642205328692818,-0.7286925423186624,41.78976494139983,-48.45785553708558,44.032680241914804,8.290074357928951,-0.6,-0.6,0.5,-0.5,1.9169456772402031
1776700924183,0.101,-1.6828867034043353,0.27175909078427235,2.827860088796593,-1.5366484511593574,-3.0,-1.0,3.0,-1.5,0.6246082081099976,-0.6922851365409789,40.243347261001645,-45.833114682813495,43.94078520546224,5.169391469937791,-0.6,-0.6,0.5,-0.5,1.8389645918534308
1776700924290,0.107,-1.74217496706894,0.20626288941677826,2.834039777904517,-1.504791838761732,-3.0,-1.0,3.0,-1.5,0.5715195996164866,-0.6800888877826333,35.741429291527915,-43.86821150877189,43.627165428655076,-6.915400127689284,-0.6,-0.6,0.49970946480299344,-0.5,1.7506389596858967
1776700924388,0.098,-1.791190673494976,0.15251391377803272,2.839699098639565,-1.4933366054027932,-3.0,-1.0,3.0,-1.5,0.5387942645462516,-0.660077038458264,34.379957621419685,-43.2461812376072,43.31011251515665,-3.125206212242782,-0.6,-0.6,0.5,-0.5,1.6778571715955015
1776700924493,0.105,-1.8510206964568159,0.08651920987188554,2.8457987742759285,-1.5220585247796234,-3.0,-1.0,3.0,-1.5,0.5260273595228054,-0.6128446438880311,31.706569471996744,-38.50631514376655,42.94131435259385,7.623819332697405,-0.6,-0.6,0.4922313638856666,-0.5,1.5888535021851489
1776700924589,0.096,-1.9055152605028587,0.02619264973234022,2.8513661474060727,-1.5475999121341164,-3.0,-1.0,3.0,-1.5,0.5119838063685128,-0.5712711794991628,30.31054966739847,-35.578702297692615,42.60176864588082,8.67014262106083,-0.6,-0.6,0.48233544364225817,-0.4989628951587551,1.5076671454580814
1776700924693,0.104,-1.9597388898441452,-0.03602374610803054,2.8557052142376573,-1.522360229966718,-3.0,-1.0,3.0,-1.5,0.46764452817654767,-0.5554239754256919,27.589425212433106,-34.92651479513537,42.82373416718211,-4.751251000227925,-0.6,-0.6,0.47145240016557627,-0.4995546114512534,1.4255575683109
1776700924792,0.099,-2.013676967592852,-0.09860141855966552,2.8599816061195575,-1.512446035757531,-3.0,-1.0,3.0,-1.5,0.43245222726250715,-0.5312851044606244,24.309609558288244,-32.47045502638412,42.598848731817824,-1.8060313040475242,-0.6,-0.6,0.4549395157299894,-0.4946562022866306,1.3434871333601741
1776700924885,0.093,-2.0563303636306056,-0.14837171243178995,2.863699874705599,-1.5342392352199694,-3.0,-1.0,3.0,-1.5,0.41983797002764445,-0.49951319773184644,24.759986422253505,-31.84997557772296,42.52692774240081,7.267534764736213,-0.6,-0.6,0.4458063432165397,-0.49666697995206976,1.278421232202898
1776700924986,0.101,-2.115726526665885,-0.2170587460299917,2.8686082359939045,-1.5520677629598079,-3.0,-1.0,3.0,-1.5,0.39489503690464056,-0.4616130763511354,20.015329227530664,-26.6408273392923,42.03610244488822,6.735734461240312,-0.6,-0.6,0.4181280940958417,-0.4826178199048187,1.1883603739855777
1776700925091,0.105,-2.171406917103642,-0.28059471520029183,2.87454522860274,-1.5309935500489147,-3.0,-1.0,3.0,-1.5,0.35444493807509503,-0.44074979465752995,18.325501381507006,-25.81961767738008,41.42931109570148,-3.329272548713394,-0.6,-0.6,0.3940748145733163,-0.4707320179125966,1.1044679083105033
1776700925195,0.104,-2.2343088848763335,-0.35035306739324995,2.882504649726404,-1.5058538806770438,-3.0,-1.0,3.0,-1.5,0.3104892201293354,-0.41587198266102615,13.959082788161295,-22.130608538671588,40.254593240060146,-5.520475890241322,-0.6,-0.6,0.36083653007216115,-0.4466862406424083,1.0110040445817208
1776700925297,0.102,-2.292468769514423,-0.41342867108767345,2.8903395423702687,-1.5309861496309218,-3.0,-1.0,3.0,-1.5,0.29048643235091404,-0.3776260780671995,12.933522129398316,-20.030187151421927,39.542553345803455,7.400810230255541,-0.6,-0.6,0.32975526234622177,-0.4245799094961829,0.9255764592846827
1776700925397,0.1,-2.3518986461034506,-0.4763129060531098,2.8989293242270233,-1.5486498749875148,-3.0,-1.0,3.0,-1.5,0.26633467256637433,-0.34203243689064544,10.579115383170475,-16.927042643440128,38.49689544067668,6.574488084983031,-0.6,-0.6,0.2948359685874751,-0.39797530130772857,0.8393442790597226
1776700925501,0.104,-2.4124385956080037,-0.5393551023791062,2.9087989770648806,-1.5339739772579446,-3.0,-1.0,3.0,-1.5,0.23090116700948757,-0.31449428946584407,8.266514708295801,-14.761494629567153,37.27627427628448,-1.7559947215194818,-0.6,-0.6,0.25807894725306424,-0.3678629586471839,0.7521567338126216
1776700925602,0.101,-2.4798922997249795,-0.6086435303214771,2.9210428798941592,-1.5119107211676104,-3.0,-1.0,3.0,-1.5,0.19130747618298583,-0.2838045034122796,3.9390421792646984,-10.384748596843217,35.302674118778164,-4.671039306410356,-0.6,-0.6,0.21220242610457285,-0.32511269044703384,0.6556722756530241
1776700925708,0.106,-2.5343596967241404,-0.6632817637862886,2.93108115362176,-1.5603597745193492,-3.0,-1.0,3.0,-1.5,0.177794263764993,-0.24668911184842712,5.217740488425475,-10.784924495300979,34.85857321496658,13.866866162228105,-0.6,-0.6,0.17698180173108724,-0.2962270811874941,0.5787485378122477
1776700925793,0.085,-2.5961555647599988,-0.7258671184874443,2.944573603356187,-1.563518144194806,-3.0,-1.0,3.0,-1.5,0.14750554138810087,-0.21500147490425983,-1.2701856813077343,-4.344575647064607,31.74043171689042,3.9406458885385236,-0.6,-0.6,0.1273858333152067,-0.2522524716167439,0.49123441455745925
1776700925892,0.099,-2.6568674241651618,-0.7872273507112326,2.956181280673058,-1.58949174248842,-2.0,0.0,1.0,-3.1,-0.19987750927113898,0.12886372640898056,-26.81591919996009,20.339577625253092,3.563576310313112,-60.0,0.06502987499235102,0.07793550772041204,0.045113483300444734,-0.1799408011734535,2.2085848223450433
1776700925991,0.099,-2.717968866435405,-0.8466525246506544,2.9666302877811828,-1.5701700328967445,-2.0,0.0,1.0,-3.1,-0.42633472619309815,0.3619736908842316,-44.22116753257055,39.10116541687763,-25.526908813780366,-60.0,0.13610879276945614,0.16175410766082682,-0.05648054941954837,-0.08296675786760747,2.258303451595061
1776700926091,0.1,-2.774909082666563,-0.9000188790274715,2.977067303107359,-1.606866421076207,-2.0,0.0,1.0,-3.1,-0.46887512263822717,0.3750617934870704,-47.01782526305436,39.17953423736127,-55.37605006186796,-60.0,0.21359970103611245,0.251755995563574,-0.1587530972692866,0.0095180885899874,2.3063636291836564
1776700926194,0.103,-2.8266995627598246,-0.9459463430112847,2.985201770940851,-1.635348952798313,-2.0,0.0,1.0,-3.1,-0.5060070079541699,0.38749044012754724,-48.8419669298464,39.03286567196103,-60.0,-60.0,0.29874975600037434,0.3491884688937363,-0.2600445155641798,0.09814953513810237,2.349313244816536
1776700926293,0.099,-2.8681479245003816,-0.9813777020530063,2.9843991876496783,-1.642349438194113,-2.0,0.0,1.0,-3.1,-0.5299202165773057,0.4049189163670994,-49.350558581531224,39.17103838628242,-60.0,-60.0,0.38469640052591214,0.4463448613969839,-0.3508105423434241,0.17704574900296394,2.3779451526151445
1776700926393,0.1,-2.896700735273093,-1.0060314221649136,2.9776190474576802,-1.6800280677229928,-2.0,0.0,1.0,-3.1,-0.5608025922618296,0.39908045982750423,-50.01763618579028,36.481326526627896,-60.0,-59.11578166236521,0.47436647405322147,0.5469480036134753,-0.4345102637808571,0.24264881834705548,2.393146156817399
1776700926487,0.094,-2.9132824748789514,-1.0201241458403814,2.9695820865676867,-1.7058585850230061,-2.0,0.0,1.0,-3.1,-0.5803039660347271,0.3932881416819365,-49.86529030400378,34.341865101690466,-60.0,-60.0,0.5602150266918429,0.6,-0.5,0.29415101907448754,2.398747954157734
1776700926592,0.105,-2.920334867236123,-1.0266045612671215,2.9560147689998204,-1.740177308127515,-2.0,0.0,1.0,-3.1,-0.597379153089089,0.37685901722374837,-49.39440484793138,31.41815265990243,-60.0,-57.427209643134425,0.6,0.6,-0.5,0.33958026558126764,2.393099866200826
1776700926693,0.101,-2.9163874776117,-1.0242500340226495,2.9419642145063776,-1.7694281623731851,-2.0,0.0,1.0,-3.1,-0.6066019036738943,0.3575238676348093,-48.26476105915231,28.39685666737331,-60.0,-56.91675016751202,0.6,0.6,-0.5,0.3722850169917815,2.3790920855953233
1776700926792,0.099,-2.9029696714148305,-1.0156528641569358,2.9258757820043697,-1.7885962533407087,-2.0,0.0,1.0,-3.1,-0.6076963946254301,0.3402099416204841,-46.84697139969332,25.67633999658139,-60.0,-58.30056990812512,0.6,0.6,-0.5,0.3947226819854593,2.357096199919752
1776700926895,0.103,-2.88232447888855,-1.0013710724806273,2.9084407714623293,-1.837076445765944,-2.0,0.0,1.0,-3.1,-0.6138638150919669,0.30228081455643824,-46.024094643285046,21.983023984857006,-60.0,-49.32397508667499,0.6,0.6,-0.5,0.4096981982751516,2.328816585527225
1776700926995,0.1,-2.8548757610304807,-0.9848251110568343,2.8916304212609822,-1.8682280847854218,-2.0,0.0,1.0,-3.1,-0.6110491327368591,0.27231715771865633,-44.86635841632994,18.636342931027656,-60.0,-51.64865856562511,0.6,0.6,-0.5,0.41553545987669704,2.2975984672708916
1776700927088,0.093,-2.8150937779953256,-0.9607127523582221,2.870597129393762,-1.8954610254971467,-2.0,0.0,1.0,-3.1,-0.6004662550805656,0.2405715480711812,-41.457122117901335,14.17948531909565,-60.0,-50.79001510859506,0.6,0.6,-0.5,0.40789655748231585,2.255322699740901
1776700927191,0.103,-2.772880763213972,-0.9365685092543047,2.8521104136310895,-1.9256487784619887,-2.0,0.0,1.0,-3.1,-0.5888003848844836,0.20674092410010145,-40.90676015858515,11.868389171889751,-60.0,-49.33481910803612,0.6,0.6,-0.5,0.3979967889260857,2.2146824221440347
1776700927291,0.1,-2.7257796051489778,-0.9105339064768755,2.8338804514134863,-1.9512203691168524,-2.0,0.0,1.0,-3.1,-0.5730626793592346,0.17458503712714543,-38.699612341255026,8.629783698820173,-60.0,-49.00424052522381,0.6,0.6,-0.5,0.38138854359501023,2.1723134074462593
1776700927396,0.105,-2.6747737617352203,-0.8840388649915129,2.8161603610513297,-1.9792359190315716,-2.0,0.0,1.0,-3.1,-0.5554412644184425,0.14032048812417994,-37.18316301308249,5.803884131063677,-60.0,-47.39312162026304,0.6,0.6,-0.5,0.3598352466988554,2.1296203420788125
1776700927492,0.096,-2.6203391836475394,-0.8578481954148396,2.7988202419123343,-2.0138185897799037,-2.0,0.0,1.0,-3.1,-0.5364624429050344,0.10205563770492716,-34.53216995771667,1.8393296660187017,-60.0,-43.49104000348161,0.6,0.6,-0.5,0.331680315799257,2.087217883178117
1776700927591,0.099,-2.562787463134002,-0.8316751358709127,2.7817427986901535,-2.0449392306159933,-2.0,0.0,1.0,-3.1,-0.5145969573904364,0.065687424247271,-32.62719893688822,-1.1164756005646472,-60.0,-43.09851915198637,0.6,0.6,-0.5,0.298930496797395,2.045243423402439
1776700927692,0.101,-2.5031346762179614,-0.8069894428077637,2.7649775288087652,-2.0698894721622656,-2.0,0.0,1.0,-3.1,-0.49096252016093356,0.03254856417060665,-30.84198444905525,-3.9049086734306124,-60.0,-43.5165350677901,0.6,0.6,-0.49936117342399183,0.2616570435154205,2.004874594685671
1776700927792,0.1,-2.444326929677517,-0.7815687290701319,2.747327147356483,-2.090085091303006,-2.0,0.0,1.0,-3.1,-0.46589286591002865,0.003407355770894935,-28.598075636880854,-5.982735665755164,-60.0,-43.628967023678086,0.6,0.6,-0.4946968027245774,0.22355787333752367,1.9650517190613317
1776700927892,0.1,-2.3884895818673,-0.7549604546957159,2.7299131970651276,-2.113624769536541,-2.0,0.0,1.0,-3.1,-0.440030643930085,-0.024592553439585628,-26.490804042396483,-7.489004924832791,-60.0,-41.69648828619763,0.6,0.6,-0.48707316883614926,0.18703259826391588,1.9270415441172728
1776700927996,0.104,-2.3383080080750456,-0.7252721268754748,2.7136746287033375,-2.1438576357190255,-2.0,0.0,1.0,-3.1,-0.413009037926077,-0.050916478652078344,-24.621621153390134,-8.016177132289394,-60.0,-38.91801821260571,0.6,0.6,-0.4778718459122182,0.15566967965166872,1.8913362206153885
1776700928091,0.095,-2.295950556747195,-0.6915874405144821,2.6976645940343094,-2.1737521996066453,-2.0,0.0,1.0,-3.1,-0.38542016448144417,-0.0711317984963363,-21.642856721459495,-8.140004083310156,-60.0,-36.90758354200866,0.6,0.6,-0.46272188555725174,0.13312579148179868,1.8568642906130817
1776700928202,0.111,-2.2587986188366314,-0.6502211009425136,2.6804353057621655,-2.2047736462453544,-2.0,0.0,1.0,-3.1,-0.3553609511464001,-0.08576644065913089,-20.08540016324791,-7.215627973030611,-60.0,-36.263525166448055,0.6,0.6,-0.4468319109538005,0.11817673247454263,1.8203370627646478
1776700928294,0.092,-2.234755375250194,-0.6124786715639375,2.6666073722789747,-2.2289047761613654,-2.0,0.0,1.0,-3.1,-0.330905396776758,-0.09228477273192041,-18.38945135375264,-6.062177161323213,-60.0,-35.51749337486031,0.6,0.6,-0.4327098999510805,0.1137487869982618,1.7910389003771565
1776700928400,0.106,-2.213173731875096,-0.5621535724802977,2.6505399383393202,-2.257486288364832,-2.0,0.0,1.0,-3.1,-0.3018323674787323,-0.0940960644656693,-15.84695405089134,-4.3988428989734505,-60.0,-33.969372376571066,0.6,0.6,-0.41210292997866543,0.1189896161523738,1.7566279535140854
1776700928501,0.101,-2.199483726651579,-0.511903376476133,2.6363470960699247,-2.2915513887364796,-2.0,0.0,1.0,-3.1,-0.27505843241061817,-0.09288277563123763,-14.295370859017568,-2.7702531990536343,-60.0,-30.71085602461395,0.6,0.6,-0.3930957272561004,0.13248577489830146,1.7261143191755703
1776700928602,0.101,-2.190296835345981,-0.45859076170532886,2.622048023147005,-2.3182739346293064,-2.0,0.0,1.0,-3.1,-0.24980598450860853,-0.08544714351189756,-12.522531736720627,-0.9467114330483251,-60.0,-31.172939242468097,0.6,0.6,-0.3729811795823867,0.15335932814913647,1.696336688767674
1776700928703,0.101,-2.1848299358711705,-0.40240271324156546,2.6080378586410635,-2.3502368946018266,-2.0,0.0,1.0,-3.1,-0.2250429482130493,-0.0755842275445764,-10.8014143480884,0.9938490645130458,-60.0,-28.393470253760995,0.6,0.6,-0.35190098975407363,0.18133022352184927,1.6678956213268419
1776700928801,0.098,-2.1822433429241928,-0.34346574346033665,2.59438359558591,-2.3752842814528385,-2.0,0.0,1.0,-3.1,-0.20171176904319263,-0.060862217416199564,-8.870995924376853,3.370648909892647,-60.0,-28.652300567566922,0.6,0.6,-0.3289335418272813,0.21603462637859516,1.6411095036116272
1776700928896,0.095,-2.1798447584243985,-0.2903010902334435,2.5830253190429047,-2.409758442190937,-2.0,0.0,1.0,-3.1,-0.1808386956987277,-0.048804009596969726,-7.962386545359004,4.131670309497616,-60.0,-24.42233311468392,0.6,0.6,-0.3088022919998589,0.24934726874048202,1.6194406506119163
1776700929001,0.105,-2.1746855155385103,-0.22817413134671533,2.570001117062248,-2.4371431630453877,-2.0,0.0,1.0,-3.1,-0.15735182740970954,-0.03173852646459034,-5.545690921235018,5.936871659834184,-60.0,-25.557763407089766,0.6,0.6,-0.281158738195248,0.2900122892895542,1.5960833221143216
1776700929102,0.101,-2.1641680583980936,-0.17665980450504257,2.5576192735300465,-2.47237037991199,-2.0,0.0,1.0,-3.1,-0.1360328003079373,-0.020321689809374148,-4.209000411539418,5.418108946656624,-60.0,-21.75539795433881,0.6,0.6,-0.254690900902248,0.3218379309986943,1.5761781749530188
1776700929194,0.092,-2.1485982412750113,-0.13681633482538502,2.547001061440075,-2.4949845043283854,-2.0,0.0,1.0,-3.1,-0.1173226150100827,-0.012182594825005633,-2.710367312433712,4.4656507874259495,-60.0,-23.141406987960437,0.6,0.6,-0.22905281101601602,0.34313693115855304,1.5601321837850142
1776700929298,0.104,-2.120994350519687,-0.0965630261778634,2.535029394328692,-2.5234448566712446,-2.0,0.0,1.0,-3.1,-0.09401655510646877,-0.007112566826388054,0.01872158646553268,3.4318020339493778,-60.0,-21.10687326219733,0.6,0.6,-0.19300678513715092,0.35920459749788947,1.5428153785645964
1776700929394,0.096,-2.094920302803416,-0.07353725205866624,2.5263884486435892,-2.5477631237067015,-2.0,0.0,1.0,-3.1,-0.0765687613031338,-0.007149355356022873,-0.0023105361583167228,1.3740893343303726,-60.0,-20.42780330321413,0.6,0.6,-0.1658632917122629,0.36301266502123897,1.5311039440473055
1776700929502,0.108,-2.048946834542858,-0.048927002808074105,2.5134945964097763,-2.588878677022722,-2.0,0.0,1.0,-3.1,-0.05018593137750144,-0.011885680202272726,4.402543699370688,-0.38316216727224683,-60.0,-15.397033877126994,0.6,0.6,-0.11923486662096097,0.3585388378098464,1.5150760830985153
1776700929600,0.098,-2.0162056584148607,-0.040130158362372374,2.50550917717936,-2.608393854002902,-2.0,0.0,1.0,-3.1,-0.03361064765874168,-0.017395902074878906,3.1089542705672466,-1.9788196212660258,-60.0,-18.817867992306418,0.6,0.6,-0.08986112782487735,0.3477677195743661,1.5061311149916934
1776700929697,0.097,-1.9736128234441126,-0.03521209526339888,2.492015628779567,-2.6292136357226656,-2.0,0.0,1.0,-3.1,-0.013429502508723915,-0.02641431419693589,6.133849944256667,-4.1539203760703725,-60.0,-17.446459286607684,0.5974404438740789,0.6,-0.05162960754765307,0.3286107913447012,1.4926643330842728
1776700929799,0.102,-1.9407149459772899,-0.036991203345725025,2.478082307372995,-2.6597815030416276,-2.0,0.0,1.0,-3.1,0.0016553861380095986,-0.03527893870793715,5.058830278467822,-4.795585794854685,-60.0,-13.93804848483435,0.5913933683637624,0.6,-0.023132481733784342,0.3081913906927794,1.4797332104553569
1776700929905,0.106,-1.9165235413003685,-0.04189232094170566,2.4617287962315038,-2.699677701464173,-2.0,0.0,1.0,-3.1,0.013106847723049316,-0.04264865277973416,4.373822021969838,-4.969087429864151,-60.0,-10.18236880008683,0.5825448637416015,0.6,-0.0019717812205431243,0.2888943769288972,1.4647096502185393
1776700930014,0.109,-1.9073592097811465,-0.04687086303877685,2.444114138677808,-2.7312683343642155,-2.0,0.0,1.0,-3.1,0.017841394818948118,-0.046404448006286354,2.4705942790079933,-4.150296465173106,-60.0,-10.743384266104613,0.5724470176077465,0.6,0.00639057086954626,0.275615297647045,1.447841441368329
1776700930105,0.091,-1.9111402228189893,-0.049504728147188135,2.4296425224684746,-2.761265250976836,-2.0,0.0,1.0,-3.1,0.01713102400953152,-0.046429527858285045,0.45874982095847544,-3.016579019584481,-60.0,-8.347993242091055,0.5643607778842745,0.6,0.003460905065780761,0.2703481578816209,1.4332566135063214
1776700930208,0.103,-1.9270369171724406,-0.050480631508908455,2.413128643982495,-2.798379900141482,-2.0,0.0,1.0,-3.1,0.011334594976294932,-0.0435972285157489,-1.8213436275516046,-1.8154614636028399,-60.0,-5.829691201446733,0.5568455803530359,0.6,-0.010669610541660617,0.27028811968678856,1.4159111801440951
1776700930315,0.107,-1.9533555744098035,-0.048246334345854514,2.3956825071197896,-2.8322230161459916,-2.0,0.0,1.0,-3.1,0.0007038958669088768,-0.03814855065379274,-4.1528592911455116,-0.4405556029319897,-60.0,-5.2623159342612675,0.5518546268148848,0.6,-0.03498324029081469,0.2763473827872835,1.3972949122846732
1776700930398,0.083,-1.9863155003906041,-0.04191345480820843,2.3777056058344046,-2.866437004772274,-2.0,0.0,1.0,-3.1,-0.012969418446749873,-0.030583438419486606,-7.715696281296289,1.744871184673746,-60.0,-1.3178222404395417,0.550718813347305,0.6,-0.06605914914337455,0.28885871674218133,1.3784109472762696
1776700930501,0.103,-2.021994940985025,-0.030382486440567184,2.3592487221675786,-2.8963553133867297,-2.0,0.0,1.0,-3.1,-0.027998868939275532,-0.02102249251872644,-8.045615563754842,2.748531888593769,-60.0,-2.803688581253136,0.5529842922687626,0.6,-0.10075537045184159,0.30654184770605447,1.3597661422558813
1776700930601,0.1,-2.0546287806284136,-0.01241938619426707,2.340440535329862,-2.929293506994122,-2.0,0.0,1.0,-3.1,-0.041456274041263196,-0.009692122552719507,-8.69355885802267,4.632524396374636,-60.0,-0.28874519850794755,0.558447170331604,0.6,-0.1330172081796632,0.33000865757720005,1.3416107384714078
1776700930700,0.099,-2.080890456927111,0.008740849748278667,2.3230099379750833,-2.968314792601834,-2.0,0.0,1.0,-3.1,-0.052311456737606545,0.0014282450391511505,-8.60156503592123,5.790910286521958,-60.0,3.1388156467575072,0.566455325567388,0.5991346558749204,-0.16041616837562203,0.35552124278421143,1.3255093226594192
1776700930798,0.098,-2.0966157746693947,0.02798593552311184,2.307057946560524,-2.9831901332605963,-2.0,0.0,1.0,-3.1,-0.05875161144417194,0.011476338478444377,-7.413204207379141,5.975710759849614,-60.0,-1.963933033998519,0.5759236714849887,0.5963920341936555,-0.17866653371556912,0.37813059770021945,1.3109226888604397
1776700930900,0.102,-2.10605105155926,0.04742472700374433,2.287727463897329,-2.954000421846538,-2.0,0.0,1.0,-3.1,-0.06140841106867657,0.023750235381338653,-6.357673621362926,6.737464212291751,-60.0,-13.876147142909351,0.5867408787440332,0.5915547120392736,-0.19057472088489905,0.4014105029893978,1.2929570571150655
1776700931006,0.106,-2.1022458041964076,0.05800474604085283,2.2685533437817007,-2.98647547610561,-2.0,0.0,1.0,-3.1,-0.05964528283223015,0.026831351144848078,-4.310856924527144,5.0104092495167825,-60.0,1.903665326821464,0.5975789339888524,0.5854062089589431,-0.19150299219975306,0.4141197205468231,1.273988359859998
1776700931101,0.095,-2.0891436514744552,0.06088436870163744,2.2501813560773134,-3.0121380165214955,-2.0,0.0,1.0,-3.1,-0.05366508143694324,0.025995061405539616,-2.203411538053178,3.5014462233223616,-60.0,2.265792898097576,0.6,0.5796221939322875,-0.18323691504074544,0.4177533776891914,1.2548334232214673
1776700931204,0.103,-2.0680406222981267,0.05594491432390079,2.2324204628089612,-2.9891335388094853,-2.0,0.0,1.0,-3.1,-0.04298138171872549,0.023292991647704618,-0.3411793051631974,1.6397773182297266,-60.0,-10.681856788486893,0.6,0.5738598677569258,-0.16755590147706065,0.4120654964116168,1.235564468925713
1776700931299,0.095,-2.0397364545514005,0.042638895982902,2.2158637982798988,-2.971085320503319,-2.0,0.0,1.0,-3.1,-0.029722297184762998,0.015186840977008327,2.1047636094309023,-1.0232183920750697,-60.0,-10.74745450371429,0.6,0.5698091726385501,-0.14474359254788116,0.3955924634724104,1.2172599710984415
1776700931402,0.103,-2.004445901109074,0.021554874880495206,2.200186019454805,-2.997108656694865,-2.0,0.0,1.0,-3.1,-0.01415744708896389,0.001479487832829702,4.1252817921331495,-3.309372422847251,-60.0,1.124905507733184,0.6,0.5675890205258591,-0.11431468776352338,0.3697993199051413,1.200387795657118
1776700931502,0.1,-1.9689033348873946,-0.0036612978180405415,2.186136554225539,-3.007397532488605,-2.0,0.0,1.0,-3.1,0.0018133721943530134,-0.013554229378531988,5.627460292172273,-5.395196411192435,-60.0,-1.9755882500494129,0.5968903334887394,0.5679551503076632,-0.08228407561160173,0.33869909800243125,1.186549759998658
1776700931602,0.1,-1.937056466716216,-0.029210515712855392,2.172023100997624,-2.9766271403682323,-2.0,0.0,1.0,-3.1,0.015119528005365389,-0.028898004013815478,5.918059340632643,-6.815709231664849,-60.0,-13.306791371214274,0.5905959801603611,0.5708762018789487,-0.053553256556161694,0.30537709644591093,1.174075505188037
1776700931699,0.097,-1.911760864448881,-0.050501195785965305,2.1568762796658287,-3.000088743760566,-2.0,0.0,1.0,-3.1,0.026969005308261188,-0.04097917731467235,6.106806899482287,-6.939473841282383,-60.0,1.0091924986103173,0.5820367840119025,0.5757748178701874,-0.0288971603332354,0.276756742955191,1.1613351119603978
1776700931808,0.109,-1.8964271080211137,-0.06478232930738001,2.14194929953917,-3.0192404893616906,-2.0,0.0,1.0,-3.1,0.03469377645843255,-0.048645823335226185,4.896616456005649,-5.677915899888977,-60.0,0.34044160337026813,0.5707473387862039,0.5828360917646918,-0.011639383987110292,0.25540853520586665,1.148465191837071
1776700931904,0.096,-1.893175238383998,-0.07104285012219054,2.128375686698456,-2.9924420055310836,-2.0,0.0,1.0,-3.1,0.034703130227974166,-0.053060470155702415,3.1173013434945047,-4.659214532269147,-60.0,-11.862404692159746,0.5604921616710676,0.589656205376422,-0.006022419778305118,0.24364049358620996,1.1356453260503527
1776700932008,0.104,-1.9000342749387311,-0.06903180449542672,2.114216712286651,-2.9754773677481534,-2.0,0.0,1.0,-3.1,0.030763308421753774,-0.052258763582929704,1.2585267385968606,-2.812643375274223,-60.0,-9.892002759534074,0.5500957262646957,0.5968355130439464,-0.009255123402531791,0.24132310278946817,1.120819975802445
1776700932109,0.101,-1.9177696245358467,-0.05849914406099771,2.098456909338551,-3.0067132486220736,-2.0,0.0,1.0,-3.1,0.024457504316461022,-0.04494661768815902,-1.040774987361285,-0.47193162736809846,-60.0,2.9446234682563945,0.5417904583428163,0.6,-0.02294284932124875,0.24960537939335042,1.1030827558159209
1776700932202,0.093,-1.9401226780171146,-0.044087428653954625,2.0861742411491924,-3.032290703906098,-2.0,0.0,1.0,-3.1,0.01538592289822848,-0.03593653088388006,-2.9226799573124467,1.2306940465863407,-60.0,3.350587409176427,0.5362218673984079,0.6,-0.04215952588132009,0.26302736570626883,1.0887164356200303
1776700932302,0.1,-1.971257490331338,-0.021592112163235984,2.072770647307859,-3.02107204146692,-2.0,0.0,1.0,-3.1,0.0009366837761364826,-0.02307606234680284,-5.214536895661966,3.7540335195203722,-60.0,-6.481020994990601,0.5333476164315417,0.6,-0.07027023268233755,0.28679520812818,1.0733728210156273
1776700932404,0.102,-2.003601478333559,0.004518652890462114,2.0592031338464625,-3.011667884445032,-2.0,0.0,1.0,-3.1,-0.013630697396845696,-0.008033174997235158,-6.4269149121488285,5.630024491615108,-60.0,-6.452684375317977,0.5337149672215648,0.5995390974051729,-0.10034904628277946,0.316056990901074,1.0592188950449755
1776700932501,0.097,-2.030244505204856,0.028049080530984646,2.045341473737397,-3.0265674596079966,-2.0,0.0,1.0,-3.1,-0.025444708927422233,0.005041823346270745,-6.774686401591087,6.327254805914968,-60.0,0.16173088501011956,0.5366486842264357,0.5968183365936673,-0.12658352239280346,0.3429788497358148,1.046154996990978
1776700932605,0.104,-2.053134714143238,0.052467767822235285,2.028472764436511,-3.0738751612497253,-2.0,0.0,1.0,-3.1,-0.03635027026006802,0.01690506402941616,-6.95667947069946,6.915241417089216,-60.0,9.663169657308819,0.5421746944973325,0.5913616887401548,-0.15154938737442014,0.370648580334119,1.0311800966344387
1776700932702,0.097,-2.064046539101328,0.06812684414355445,2.0116509650357433,-3.0759596514060523,-2.0,0.0,1.0,-3.1,-0.04143140250363365,0.025139797637201405,-5.557873071785295,6.161543482889558,-60.0,-0.6381865907378492,0.5483872087901612,0.58475338485823,-0.16542954994978887,0.389428163665514,1.0159630412183154
1776700932802,0.1,-2.0657434449435774,0.07484929171103938,1.9955547409079255,-3.051296735657942,-2.0,0.0,1.0,-3.1,-0.04145820105686037,0.02973885143716173,-3.9408026118910926,4.750034554471086,-60.0,-8.256856467965292,0.554961553284519,0.5772684556871261,-0.17065917781115555,0.39925012528980275,1.0005267908291813
1776700932913,0.111,-2.05521646784593,0.07131218299132577,1.97755109831719,-3.0849843085406228,-2.0,0.0,1.0,-3.1,-0.03739475031903646,0.02642709152354057,-1.7383999760867832,2.586232981188109,-60.0,6.563046352151159,0.5610905812154172,0.569352803375089,-0.16450000331760486,0.3980564930225031,0.9817028244766913
1776700933016,0.103,-2.038416875849898,0.06004206759520598,1.9624073208897284,-3.110299669584952,-2.0,0.0,1.0,-3.1,-0.029907563864551828,0.019703054897542528,0.08657593702204987,0.64129832157526,-60.0,6.393109043610674,0.5650475194279567,0.5631684704127827,-0.15114173321976548,0.3882956863979734,0.9650433967098673
1776700933108,0.092,-2.0129195923056598,0.039702841268419234,1.9458738326436746,3.1381916807570676,-2.0,0.0,1.0,-3.1,-0.01781387186214444,0.008600569816129089,3.2309790498078197,-2.18507669335179,-60.0,11.210291504168103,0.5662361219200774,0.5595158090160881,-0.12721430032252254,0.36883454552364436,0.9467948768081521
1776700933212,0.104,-1.9797739121490965,0.008813390565533888,1.9283215598213637,-3.1348430772516824,-2.0,0.0,1.0,-3.1,-0.0012152440966797294,-0.006757240643138284,5.322535216906144,-4.900856445233789,-60.0,-0.6699667159585411,0.5641326087835835,0.5585992163972726,-0.0944042496769269,0.3370193278033239,0.9285837005419505
1776700933304,0.092,-1.9504274883422479,-0.019631795924856952,1.9109396641632002,3.12535635365057,-2.0,0.0,1.0,-3.1,0.013934362248856887,-0.020800513878890314,6.728218282515996,-6.172427279164644,-60.0,8.772105320001748,0.5595719377110703,0.5604053416223594,-0.0633179082844661,0.3071406996819959,0.9124987194889957
1776700933415,0.111,-1.9216389063270525,-0.05315340658059341,1.8930564348194947,-3.1228623347359803,-2.0,0.0,1.0,-3.1,0.027448239482318906,-0.038423634688468815,6.61040526711248,-7.713000450898717,-60.0,-6.462957941978128,0.5508738563133732,0.5663053697528053,-0.03211545515862916,0.268820757718397,0.898062103312042
1776700933514,0.099,-1.900803005164555,-0.07765748448300556,1.8749740868184965,-3.122709393984018,-2.0,0.0,1.0,-3.1,0.03782058285321726,-0.051031843030856804,6.629545228815281,-7.7898819981934,-60.0,1.052974365302552,0.5410533538246641,0.5739934607166228,-0.008001720355835525,0.23887546967881557,0.883996821987768
1776700933615,0.101,-1.8880548517042322,-0.09482758478675424,1.857870166142636,-3.127497033692021,-2.0,0.0,1.0,-3.1,0.044540313253878,-0.05971894844114237,5.729740625100216,-7.103328001865269,-60.0,2.4575145775346345,0.5297468938467915,0.583571046780085,0.009001723127988942,0.21549577411263787,0.8703247721517781
1776700933714,0.099,-1.884064201079052,-0.10207124778452906,1.8407594505658922,-3.1128014244623747,-2.0,0.0,1.0,-3.1,0.04577180472410214,-0.064253419468567,4.309500050534963,-5.743800339917182,-60.0,-2.948103560265753,0.5182692497536177,0.5936761003107534,0.01731360339102561,0.20177914477886913,0.854831037580872
1776700933814,0.1,-1.888864431376199,-0.10177147769513342,1.825604643641037,-3.0921445504988205,-2.0,0.0,1.0,-3.1,0.0422608340607304,-0.06505412162774277,2.4863072150174648,-4.390189817710366,-60.0,-5.334711327309627,0.5071556928912375,0.6,0.01676014088392487,0.19581040185874668,0.8392446460283378
1776700933913,0.099,-1.9001239093040325,-0.09382589379282148,1.810897944319074,-3.1202683359865993,-2.0,0.0,1.0,-3.1,0.038727410444564944,-0.05975230487394507,1.0333494936553305,-2.57846889772966,-60.0,7.790767518333419,0.49726795991233674,0.6,0.00950665779864511,0.1980787836002316,0.8223952869147725
1776700934008,0.095,-1.9185695749537088,-0.0797964985400362,1.7975753698930936,3.1332108799953056,-2.0,0.0,1.0,-3.1,0.031358479131380484,-0.05163722652881296,-1.0893949513506065,-0.7777468952976616,-60.0,9.90346922847032,0.4895320695329391,0.6,-0.006076894233063408,0.20704754394121547,0.8056828569372534
1776700934108,0.1,-1.941874913981589,-0.059380074548509805,1.7845582564664046,3.1146336617028973,-2.0,0.0,1.0,-3.1,0.0205048919262263,-0.04115226658250127,-2.776737087510642,1.0188052590047427,-60.0,7.74901137305892,0.48371956093109797,0.6,-0.027873615109484336,0.22271311018236942,0.7889462444727391
1776700934214,0.106,-1.96499952306588,-0.03662849437628051,1.7735618487777507,3.135387016965159,-2.0,0.0,1.0,-3.1,0.008088014140081708,-0.03026463897614743,-3.47069978030005,2.204729478794475,-60.0,-2.4045549592761177,0.48000951037608125,0.6,-0.05028163656586107,0.2421126985436817,0.7752190747590908
1776700934310,0.096,-1.991953511443454,-0.008573919835146689,1.7607611556625935,-3.1238890778960635,-2.0,0.0,1.0,-3.1,-0.005848947527650175,-0.01618595444820684,-5.648067480292109,4.8936294720855535,-60.0,-4.830627340579895,0.47923704747465284,0.6,-0.07729625976237296,0.2690861822357915,0.7608520184927651
1776700934406,0.096,-2.0086905204971375,0.012502696761361492,1.7482212057556261,3.1317397881535447,-2.0,0.0,1.0,-3.1,-0.013889606779523776,-0.005861781179361385,-4.547083332759775,4.331837624222204,-60.0,9.358495195744435,0.48007133744237807,0.5987997411109093,-0.09557352037497785,0.2894341399695265,0.7483761188835603
1776700934510,0.104,-2.0200346397787583,0.02971486631966517,1.7333168579219842,3.113846106511383,-2.0,0.0,1.0,-3.1,-0.019734505597608757,0.002396673632627377,-3.9129176698566424,4.030075159003383,-60.0,7.457592780265046,0.4821549399793689,0.5957093950136642,-0.10944317876177444,0.3065742186828437,0.7341920553806285
1776700934611,0.101,-2.0243716792703683,0.03928895848934391,1.7151229039872231,3.139697540648669,-2.0,0.0,1.0,-3.1,-0.021892930109174574,0.007768179439734493,-2.8318470925759502,3.261497962726923,-60.0,-4.0555022490392325,0.4846164795856761,0.5917412102062404,-0.11600954038138628,0.3169246606087425,0.7166159144316809
1776700934723,0.112,-2.0202596610529495,0.03876723971041789,1.6992974271684078,-3.113594692410574,-2.0,0.0,1.0,-3.1,-0.019646001062602232,0.008188819723679845,-1.2164765446162196,1.4880283646099206,-60.0,-5.753113504366122,0.48688556162360647,0.5873992793586735,-0.11411409100792336,0.31720518102369916,0.7006641452115985
1776700934818,0.095,-2.0079857301692874,0.029311410279607947,1.6832022832364768,-3.128574876969274,-2.0,0.0,1.0,-3.1,-0.013706008590412475,0.003142094180914249,0.9231997118482898,-0.6530021733488358,-60.0,5.156061772512486,0.4876442059896888,0.5846146953821107,-0.10326636130990877,0.30788887695527667,0.6838773943320917
1776700934907,0.089,-1.9912116597530032,0.014491642374366832,1.66889830033228,3.139683361285999,-2.0,0.0,1.0,-3.1,-0.0053346206512658685,-0.004430871017137004,2.7213082419965686,-2.458261174470135,-60.0,6.11337041619002,0.4868620437077061,0.5833249392107921,-0.08693880745403752,0.29270681512556246,0.6691129791077263
1776700935031,0.124,-1.9691165715006143,-0.007286257099597488,1.6531801661913503,-3.126247960811703,-2.0,0.0,1.0,-3.1,0.005545194112579584,-0.01541459793442761,3.3975130364555657,-3.60644522555232,-60.0,-2.07957886462873,0.4830324985737823,0.5842284350911422,-0.06449287839373924,0.2686810403289668,0.6539504608180639
1776700935108,0.077,-1.9494229506003136,-0.027586599575385336,1.6374890947773222,-3.102191542630785,-2.0,0.0,1.0,-3.1,0.014688303711530569,-0.026119209334507187,5.425437699011741,-6.223665345177301,-60.0,-7.392910321800578,0.4791380657700064,0.5863526032584468,-0.04448319189351509,0.24560952451693122,0.640087028740718
1776700935212,0.104,-1.932088607077473,-0.04587659414869307,1.6212601308464947,3.126466744210211,-2.0,0.0,1.0,-3.1,0.02503715480222206,-0.03438601072814092,4.927799126623697,-5.1299210597525855,-60.0,15.305649562204724,0.4720752809060636,0.5911237690499109,-0.024270324971618212,0.22400766481182244,0.6266424573540843
1776700935313,0.101,-1.9228197980687414,-0.056329730615645876,1.6070108419706886,3.1257254523330857,-2.0,0.0,1.0,-3.1,0.029937076413417724,-0.03963111788077688,3.9808697517047538,-4.2986179966396785,-60.0,2.9342215974935995,0.4642800805110065,0.5968130718420912,-0.011813182955376667,0.20970016518110168,0.6144851376488656
1776700935408,0.095,-1.92107127884914,-0.06003482670908896,1.5914851720838648,-3.1348793958016072,-2.0,0.0,1.0,-3.1,0.030045968504378236,-0.04222006955142398,2.6484580349522266,-3.3914743643495306,-60.0,-4.030326023390802,0.4567818520016748,0.6,-0.00723520920706997,0.2019725077981811,0.5997404707334495
1776700935508,0.1,-1.9269555024783733,-0.057411808264030084,1.577745240901907,-3.108581798460673,-2.0,0.0,1.0,-3.1,0.02617420798933298,-0.041592440130906266,0.9673513322231584,-2.135479618522354,-60.0,-5.899497035711865,0.44947740224951216,0.6,-0.010412233903876586,0.20062906116395968,0.5851676492520201
1776700935613,0.105,-1.9368770050667903,-0.04846340469644385,1.560196575226633,3.1106796028762775,-2.0,0.0,1.0,-3.1,0.0238135142451368,-0.03551263809891503,0.05570879483440157,-0.6726629547668882,-60.0,18.091452284875572,0.44284948778152516,0.6,-0.018105155695142136,0.20553770738323318,0.565821011433614
1776700935714,0.101,-1.9570185971743639,-0.03232639519492567,1.5478907261212094,3.12666794900255,-2.0,0.0,1.0,-3.1,0.01313942918813353,-0.02797021785902626,-2.718710583238673,1.2959758003854849,-60.0,-1.086377768200711,0.4385083660961359,0.6,-0.03715825341745908,0.21854733152831943,0.5505239727612088
1776700935812,0.098,-1.9796434179447684,-0.01066143409289441,1.531779883389101,3.1400979142300804,-2.0,0.0,1.0,-3.1,0.0014739258841575122,-0.01732853327033258,-4.225569408910422,3.336877785575622,-60.0,-1.220776214553575,0.43651342105472324,0.6,-0.05967098763454308,0.23848025396991998,0.5322761510599685
1776700935923,0.111,-2.0066041922489335,0.014080944125191465,1.5155167100173152,3.1150079130137707,-2.0,0.0,1.0,-3.1,-0.011911767694172473,-0.005246756154711167,-5.672049662664433,4.271142073393591,-60.0,8.697380047809803,0.43724648639435487,0.5984370152021037,-0.08860213370066758,0.26191483868410104,0.5157512643220512
1776700936012,0.089,-2.0265350158866373,0.03395801211151625,1.501984012608321,3.0892410124487295,-2.0,0.0,1.0,-3.1,-0.022294786299176826,0.003909431485563349,-6.309375637044131,4.951787580290495,-60.0,11.457703827541925,0.43960810280826557,0.5954147521241787,-0.11153000927745879,0.28106967902922014,0.5038305296119132
1776700936123,0.111,-2.0444733972884865,0.05194625198124359,1.486795293607534,3.109453692550849,-2.0,0.0,1.0,-3.1,-0.03156717387084754,0.013172592586235087,-5.864020985303078,4.749297020931725,-60.0,-0.8311917090896372,0.4445446499072876,0.5896487181542607,-0.13354110720466128,0.2999343656371057,0.4915749729590834
1776700936216,0.093,-2.055576739864734,0.06225548907657735,1.4713411735688702,3.133785880828881,-1.0,1.0,2.0,3.1,-0.3541863456131339,-0.31409444390583846,-30.324072264026128,-21.67803059125389,-60.0,-1.621722279786283,0.09816863680742029,0.08721023951587831,-0.1776639226279909,0.2809458249070447,1.5076760846660695
1776700936316,0.1,-2.0584781919961537,0.06443386457654834,1.4546994778177802,-3.139431318827669,-1.0,1.0,2.0,3.1,-0.5343370284188754,-0.47024462282022716,-42.90168399327397,-35.577527112893016,-44.40020001428766,-4.492537246420855,0.20401645600703566,0.1807668530582235,-0.23399436262939788,0.2361060040414681,1.5142697039083959
1776700936415,0.099,-2.053301807385591,0.060135947529997826,1.4389214601751885,3.113237892092704,-1.0,1.0,2.0,3.1,-0.519124311847201,-0.4903230626615516,-40.369033789608785,-38.44939765990327,-15.462531521336404,6.762422696935359,0.3082933349382092,0.2738133942527537,-0.280091515555996,0.18341458690635726,1.5190780962212016
1776700936522,0.107,-2.040693347454547,0.053355403607751754,1.4212942124794365,3.1261598306127083,-1.0,1.0,2.0,3.1,-0.5212564768758916,-0.4889267483082963,-39.48906874295189,-38.870527509760414,16.36890230722633,-4.154050602868913,0.41964752311584574,0.37510436606672426,-0.3231543613318354,0.12451426477317443,1.5212097238134485
1776700936611,0.089,-2.024152128262886,0.04789722059985202,1.4083185685918134,3.1380087659123057,-1.0,1.0,2.0,3.1,-0.5205495797676637,-0.4871169355222236,-38.31228513464862,-38.85974052246168,42.439879993390406,-5.0196392715472715,0.5107970625312426,0.45984151343333746,-0.3529225994962194,0.07576199130162173,1.5183788067014523
1776700936715,0.104,-1.9976085418925469,0.04577585341715875,1.3960452516350481,3.095843410817096,-1.0,1.0,2.0,3.1,-0.4879385344502868,-0.5111435388413808,-34.584304993721204,-39.96077557055543,60.0,9.92998284121246,0.6,0.559080824677953,-0.3770553765459352,0.021697841113021137,1.5068270845891036
1776700936819,0.104,-1.965151640714226,0.049941998262428976,1.3938562093902225,3.0861839485325646,-1.0,1.0,2.0,3.1,-0.46684496971273337,-0.5136713579936844,-32.02521353020384,-39.11260784339265,60.0,2.892277151482561,0.6,0.6,-0.39343088542816607,-0.025766754139245618,1.4837581309410706
1776700936914,0.095,-1.934904877764145,0.05837093917267279,1.3973196735945714,3.1162505555138775,-1.0,1.0,2.0,3.1,-0.4670642661153317,-0.4948085319057066,-31.965691477049837,-37.04403934716099,60.0,-8.375801059945168,0.6,0.6,-0.4077785239906663,-0.06358089585037943,1.4573729771399975
1776700937012,0.098,-1.8988899664842376,0.0719137543355693,1.4063871816765068,3.111365236589113,-1.0,1.0,2.0,3.1,-0.446846826102089,-0.4897718258104037,-29.565209528788156,-35.80681975041461,60.0,0.6508732783588196,0.6,0.6,-0.41598035575450687,-0.09695343419057001,1.4218732114065207
1776700937112,0.1,-1.861692249902736,0.08973275161303866,1.419738309938584,3.1184299235194954,-1.0,1.0,2.0,3.1,-0.43190821156646897,-0.4772649264486476,-28.336521933051934,-34.243043428614016,60.0,-2.5801611922275853,0.6,0.6,-0.42239613811407123,-0.12600418577047956,1.3812326473050585
1776700937217,0.105,-1.8228153330391246,0.11164518561387748,1.4344170480223968,3.135957061538095,-1.0,1.0,2.0,3.1,-0.42083012668330705,-0.45855630338774833,-27.464902390854718,-32.42953946476549,60.0,-5.732141929508441,0.6,0.6,-0.4278304907992461,-0.1520214183088285,1.336444321359849
1776700937312,0.095,-1.7808720157018134,0.13673347999071123,1.4507281419124554,3.109275338968114,-1.0,1.0,2.0,3.1,-0.38789133213245525,-0.45640500025069053,-23.736822837851104,-31.098562891807184,60.0,6.295429431420512,0.6,0.6,-0.4235693962716593,-0.168949439587184,1.2871246107359244
1776700937416,0.104,-1.7372641316054576,0.16395149055947858,1.4665717217473742,3.0805492210828147,-1.0,1.0,2.0,3.1,-0.353689254290426,-0.45244396400488196,-21.59714725300622,-30.686681467076873,60.0,7.5627415154016155,0.6,0.6,-0.4184868665591009,-0.18617597475725445,1.2357512848179555
1776700937513,0.097,-1.6936723665364946,0.19425834515428267,1.4840968205872693,3.1151415090772594,-1.0,1.0,2.0,3.1,-0.3477381297851436,-0.4242162219465224,-20.41428044588497,-27.840564090503978,60.0,-9.285709052890638,0.6,0.6,-0.40944250647668917,-0.19587577774209752,1.181760152052023
1776700937623,0.11,-1.6429968626382392,0.22916157882119886,1.5029476604071585,3.1304563052535683,-1.0,1.0,2.0,3.1,-0.32905204430099105,-0.4011084451606005,-18.62388538843132,-26.09662692349905,60.0,-4.803312727002315,0.6,0.6,-0.3953545562968527,-0.20453230894068125,1.120132967652842
1776700937720,0.097,-1.5996061068549126,0.2580516793904613,1.5181869372420924,3.100638395506369,-1.0,1.0,2.0,3.1,-0.29586156542703285,-0.3954191266123756,-16.397202088886775,-25.793207094009293,60.0,7.346984169640519,0.6,0.6,-0.3818815977901719,-0.21224554874895513,1.068718214159923
1776700937833,0.113,-1.5452081111717137,0.2962687055705909,1.5358556023733851,3.079820775675502,-1.0,1.0,2.0,3.1,-0.26159886435534985,-0.38074100363223906,-13.210400189191411,-23.728118983813147,60.0,5.390044147583102,0.6,0.6,-0.3595072621883664,-0.2137670166326134,1.0039520113505889
1776700937925,0.092,-1.495527176990885,0.33273207132711735,1.5543368604854988,3.1165301777445635,-1.0,1.0,2.0,3.1,-0.25102047435601765,-0.35203505601720103,-11.042795977751533,-20.7086236956501,60.0,-10.369814288885578,0.6,0.6,-0.333849580373086,-0.20845733038804448,0.9430849938864879
1776700938021,0.096,-1.4440662050829378,0.36989451297431164,1.5735528147410422,-3.132388750630906,-1.0,1.0,2.0,3.1,-0.2370333091398106,-0.32488490343919485,-9.69035491797472,-19.071043519479723,60.0,-11.004829415365878,0.6,0.6,-0.3048039511261927,-0.20295904861357678,0.8809568213550137
1776700938122,0.101,-1.3921128324139957,0.4061080360808603,1.592288971943962,3.1354810265077524,-1.0,1.0,2.0,3.1,-0.20616437968314608,-0.3102117674165924,-7.683107599727185,-18.279436095704067,60.0,1.9362445987394994,0.6,0.6,-0.27389547325378616,-0.19776007267474965,0.8201758473339547
1776700938220,0.098,-1.3379489984522737,0.44423920199599104,1.6089612991707423,3.112158264321342,-1.0,1.0,2.0,3.1,-0.172364887750206,-0.2950809390092339,-4.419737801382257,-16.283786802845796,60.0,5.128100174553609,0.6,0.6,-0.23776906543852633,-0.18696930651853538,0.7589406140793767
1776700938323,0.103,-1.2850635602675535,0.4839583104923012,1.6284349682125048,-3.13985474207965,-1.0,1.0,2.0,3.1,-0.15500081886270362,-0.26975187455287075,-3.438238515861947,-14.640895075379163,60.0,-9.34331584990622,0.6,0.6,-0.20077976320147173,-0.17512661124916432,0.6968650023854086
1776700938419,0.096,-1.2309031846131417,0.5239703246746119,1.6466166012620032,-3.126802813245037,-1.0,1.0,2.0,3.1,-0.1311351979493221,-0.24810257413371536,-0.43950018816083514,-12.479968465271359,60.0,-5.969341917511781,0.6,0.6,-0.15862254021772942,-0.15973781431216139,0.6362392309175088
1776700938523,0.104,-1.1758825871151615,0.565011522008541,1.6662040372299083,3.1399105722411127,-1.0,1.0,2.0,3.1,-0.09955512437377623,-0.22966202363715577,1.403459887333043,-11.221812558499298,60.0,1.8855052309120666,0.6,0.6,-0.11402478809218705,-0.14248897642021516,0.5758206363072279
1776700938624,0.101,-1.1205503803505814,0.6067017746658044,1.6867865464839833,3.1319037522633244,-1.0,1.0,2.0,3.1,-0.07025024875661015,-0.20933957552569007,4.110633078599298,-9.167570688846263,60.0,0.37123057915171204,0.6,0.6,-0.06619438000632576,-0.12140787780427599,0.517028583075566
1776700938716,0.092,-1.072839227728825,0.6450518534969297,1.7047619400703207,-3.1234310043540288,-1.0,1.0,2.0,3.1,-0.0518526010734671,-0.1885634938242893,5.357317532198741,-7.679274819068253,60.0,-10.133567551861544,0.6,0.6,-0.022565072730687294,-0.10127843061507825,0.4673962471320641
1776700938821,0.105,-1.020125720671782,0.693238399247217,1.7271690363276941,-3.109701919820154,-3.0,-1.0,3.0,1.5,0.32459455964440714,0.16776142363588478,34.81099393838627,20.942059861446165,60.0,-60.0,-0.20788679932946288,-0.1777900319209578,0.06574050388306969,-0.03718222410732379,2.899492559175429
1776700938923,0.102,-0.9784020392769267,0.7374942827156704,1.7473555686790134,-3.1339042811888023,-3.0,-1.0,3.0,1.5,0.6801738423602357,0.529812207276514,60.0,49.260751421736614,60.0,-60.0,-0.4140897913232163,-0.3550144487579562,0.17718093639991767,0.06079241246329299,2.945311998513707
1776700939024,0.101,-0.9470541152698548,0.7806047866021385,1.7681058539067087,3.130507121596036,-3.0,-1.0,3.0,1.5,1.0196675438701799,0.8998845448150994,60.0,60.0,60.0,-60.0,-0.6,-0.5348555322047721,0.31103546311778796,0.19513610779650187,2.983739834315285
1776700939123,0.099,-0.9250223011786448,0.8195751888657778,1.7890893873810036,3.111217154062107,-3.0,-1.0,3.0,1.5,1.021009267111357,0.9532362198114639,60.0,60.0,60.0,-60.0,-0.6,-0.6,0.4329534679674899,0.32912804322481537,3.0137502932882825
1776700939220,0.097,-0.9143893891169776,0.8486965481608365,1.8080565903581438,3.074890166184542,-3.0,-1.0,3.0,1.5,0.9900491886738902,1.0045720117378891,60.0,60.0,60.0,-60.0,-0.6,-0.6,0.5,0.456336843851881,3.0312010225648676
1776700939328,0.108,-0.9113829737749533,0.8735764622414227,1.8314047376929177,3.0491302612958506,-3.0,-1.0,3.0,1.5,0.964194101030697,1.042265090044162,60.0,60.0,60.0,-60.0,-0.6,-0.6,0.5,0.5,3.039444806077057
1776700939429,0.101,-0.917725211472599,0.8856989550063544,1.8528580006604276,3.021900863639063,-3.0,-1.0,3.0,1.5,0.9315877518653554,1.073769135549668,60.0,60.0,60.0,-60.0,-0.6,-0.6,0.5,0.5,3.0344132234251946
1776700939527,0.098,-0.9325470897443524,0.8884248180460032,1.8738624495431229,2.9957296723988436,-3.0,-1.0,3.0,1.5,0.8956397854916974,1.0980507113827498,60.0,60.0,60.0,-60.0,-0.6,-0.6,0.5,0.5,3.0180615653239484
1776700939634,0.107,-0.9565812944581897,0.8815429426423538,1.8967658598553705,2.9640109503068897,-3.0,-1.0,3.0,1.5,0.8491460787422342,1.120392538142883,60.0,60.0,60.0,-60.0,-0.6,-0.6,0.5,0.5,2.9887939740213065
1776700939736,0.102,-0.9813152319314867,0.8690562424597599,1.9163910500847643,2.9329556423721743,-3.0,-1.0,3.0,1.5,0.8031424809174514,1.1375490780838893,60.0,60.0,60.0,-60.0,-0.6,-0.6,0.5,0.5,2.956800261540509
1776700939821,0.085,-1.014023068445025,0.8490529723952537,1.9374421954947922,2.90327465721215,-3.0,-1.0,3.0,1.5,0.7554994912225718,1.1473030089988856,54.6983418268491,60.0,60.0,-58.97667008923521,-0.6,-0.6,0.5,0.5,2.9141260019613364
1776700939919,0.098,-1.051750973471823,0.8237381398343121,1.957724930077004,2.8746973545609964,-3.0,-1.0,3.0,1.5,0.7075508338140076,1.1512373480646938,51.23098976387604,60.0,60.0,-58.98694992068609,-0.6,-0.6,0.5,0.5,2.8649663860920414
1776700940021,0.102,-1.0946341625282898,0.793994077399818,1.9777840030741396,2.860991245720028,-3.0,-1.0,3.0,1.5,0.6752214564155479,1.140598410862473,48.34923992883096,60.0,60.0,-60.0,-0.6,-0.6,0.5,0.5,2.8095834689008665
1776700940147,0.126,-1.1490063946659554,0.754433530040376,2.001642619278049,2.799900970264436,-3.0,-1.0,3.0,1.5,0.5853392783219984,1.1519481930440016,41.731760563799796,60.0,60.0,-50.7590036287706,-0.6,-0.6,0.5,0.5,2.7387829044959835
1776700940229,0.082,-1.1895140319883248,0.7267247439550334,2.017873175180749,2.7854467850105964,-3.0,-1.0,3.0,1.5,0.5544759342874989,1.140241383338652,38.53591504172902,60.0,60.0,-57.47095243548241,-0.6,-0.6,0.5,0.5,2.687752012701933
1776700940325,0.096,-1.242042421622831,0.6909969454147807,2.0366353615944353,2.755174585056791,-3.0,-1.0,3.0,1.5,0.5021143668320224,1.1300566340234195,34.066727765157864,60.0,60.0,-52.68033009427456,-0.6,-0.6,0.5,0.5,2.622585926772681
1776700940420,0.095,-1.2974599355881653,0.6549263976088471,2.0551663976811723,2.7267479693471026,-3.0,-1.0,3.0,1.5,0.45170275538132654,1.1161981147774254,29.877886952084772,60.0,60.0,-51.70244171779234,-0.6,-0.6,0.5,0.5,2.555412801975607
1776700940530,0.11,-1.3620883083567246,0.6155263765556378,2.0737992223882777,2.687671725966756,-3.0,-1.0,3.0,1.5,0.38734863599464897,1.1011177669775623,25.035661943693306,60.0,60.0,-48.482517017965016,-0.6,-0.6,0.5,0.5,2.480025819102955
