time_s,dt,cur_x,cur_y,cur_z,cur_yaw,tgt_x,tgt_y,tgt_z,tgt_yaw,cmd_v_x,cmd_v_y,cmd_v_z,cmd_yaw_rate,total_error
0.01,0.01,-1.052977763448706,-0.34075774651721397,0.8465915141934143,0.12687340911127962,0.0,0.0,2.0,0.0,2.0,2.0,2.0,-1.3956075002240758,1.5985084132589265
0.11413122177124023,0.10413122177124023,-1.0533484185184594,-0.34296774163431876,0.8469683146227055,0.12614223924554785,0.0,0.0,2.0,0.0,0.6550483585669499,0.12796172901563457,1.3894943535232136,-0.1254400772490834,1.598953354567008
0.21114278793334962,0.09701156616210938,-1.0536500925215952,-0.3449935212379933,0.8475945616041626,0.12878993648763962,0.0,0.0,2.0,0.0,0.6567036692371157,0.1275675873304509,1.3937653161033414,-0.13151919583973315,1.5991364362090115
0.3140599822998047,0.10291719436645508,-1.0543049299823641,-0.3471032134292399,0.8486625605346374,0.12488410796595788,0.0,0.0,2.0,0.0,0.6583460325724065,0.13144011959405952,1.3976239624150304,-0.12108899040010747,1.5992552722041218
0.4142332172393799,0.1001732349395752,-1.0552063692527942,-0.3488544338870734,0.8499041295245737,0.12703184322624309,0.0,0.0,2.0,0.0,0.6607241123951647,0.13071333585085468,1.401491129929366,-0.12917586429292893,1.5993374906626068
0.5143878555297852,0.10015463829040527,-1.056137551816088,-0.35033948950325383,0.8513112374959115,0.12465138903381946,0.0,0.0,2.0,0.0,0.662164375830835,0.13291646680981997,1.4052238986894945,-0.12227461025147154,1.5992655062136039
0.6260869598388672,0.11169910430908203,-1.0575467949620534,-0.3516219195433792,0.8523470595569723,0.12601606596872852,0.0,0.0,2.0,0.0,0.6649327710029769,0.13235040029520384,1.411345708361374,-0.12723780981649732,1.5997344997046885
0.7139163112640381,0.0878293514251709,-1.0586690149164764,-0.35275325331175034,0.8536157135355309,0.12542551276380465,0.0,0.0,2.0,0.0,0.6666189367636677,0.13372868258449727,1.4138233913111087,-0.12475312569121307,1.5998161997926188
0.8137688732147217,0.0998525619506836,-1.0599400705481252,-0.3538211968023587,0.8548811214213201,0.12920604382984635,0.0,0.0,2.0,0.0,0.6690042723250377,0.13163449115155623,1.4183764085005892,-0.1329921570673904,1.5999873869932575
0.9137916660308838,0.10002279281616211,-1.0608738592274003,-0.3548120770182439,0.8561530259519194,0.12927160247154246,0.0,0.0,2.0,0.0,0.6702231148239992,0.13227142353963672,1.420073139470097,-0.12933714617398295,1.5999158900482826
1.0144398307800293,0.10064816474914551,-1.061663884208169,-0.35571619890355977,0.8570997033937126,0.12902197201998636,0.0,0.0,2.0,0.0,0.6708794368982189,0.13311763666270174,1.4195991940719812,-0.12877394916514517,1.5999641574663832
1.1141979789733887,0.09975814819335938,-1.0626365156680466,-0.3564957497425462,0.8578310076329794,0.12916579749114956,0.0,0.0,2.0,0.0,0.6718434733442759,0.13355193406899954,1.4191366364409879,-0.12930997165012095,1.6002611009270713
1.213507423400879,0.09930944442749023,-1.0639667776913422,-0.3575705721024449,0.8583572500429415,0.12737880136847013,0.0,0.0,2.0,0.0,0.6731221513030234,0.13602096788435872,1.4189114965974479,-0.1255793792359818,1.6010091150877568
1.3150649166107178,0.10155749320983887,-1.0649022361284108,-0.35847350123031757,0.8591934493157936,0.1285368420949329,0.0,0.0,2.0,0.0,0.6732923999473936,0.1358607865529091,1.4173211103028476,-0.12967712302336232,1.601236899924433
1.4180655574798584,0.10300064086914062,-1.0658140506509646,-0.3592629741400454,0.8597071804817538,0.12774306030482055,0.0,0.0,2.0,0.0,0.6737576797561359,0.13698678563241173,1.417353853383975,-0.12697240316772485,1.6016545162418268
1.5178086853027344,0.09974312782287598,-1.0657873510373503,-0.3596878123220877,0.8630929662408271,0.12378083477716544,0.0,0.0,2.0,0.0,0.6718488590044287,0.13992823244852826,1.407499429913534,-0.11980840518312737,1.5993234830312917
1.6178660488128662,0.10005736351013184,-1.064056883158589,-0.35985763847188484,0.8710483732637738,0.12346699131533234,0.0,0.0,2.0,0.0,0.6682494781721796,0.14065855391701781,1.3888402598064389,-0.12315332778191204,1.5925596836772256
1.7178711986541748,0.1000051498413086,-1.059291039529012,-0.3595453371740389,0.8825451396923009,0.12013699337669118,0.0,0.0,2.0,0.0,0.6603511107232167,0.14322468918638356,1.3679534835816607,-0.11680716691882845,1.5811627749018593
1.8187573051452637,0.10088610649108887,-1.050703616247216,-0.3584437041128672,0.8968801217380129,0.11659349486224077,0.0,0.0,2.0,0.0,0.6489696582700262,0.145357950771884,1.3453257048861467,-0.11308111973181245,1.565034646271408
1.9176778888702393,0.09892058372497559,-1.0386659084416245,-0.3562491776598049,0.9133316026600398,0.11696819776457977,0.0,0.0,2.0,0.0,0.636092955813205,0.14396188980461588,1.3207400795521211,-0.11734698940553974,1.5448587481448102
2.0180254077911375,0.10034751892089844,-1.0229175491235152,-0.35316216205415724,0.9315094203060867,0.11253600055589856,0.0,0.0,2.0,0.0,0.6204929975082755,0.1456676218895792,1.2959589655077763,-0.10811915272912272,1.5207747840841723
2.1179747676849363,0.09994935989379883,-1.0038863817221415,-0.34893814523450445,0.9510112415149155,0.1063060578334214,0.0,0.0,2.0,0.0,0.6028121622770976,0.1473863790462932,1.2697631062712602,-0.10007295866290464,1.493292708090061
2.218458662033081,0.10048389434814453,-0.9819607973370398,-0.3440779432205281,0.9708846649116505,0.10729096161332788,0.0,0.0,2.0,0.0,0.5853591783167896,0.1451814632501799,1.2453829618523207,-0.10827112245034133,1.4634599452775157
2.3178284263610838,0.09936976432800293,-0.9574064113485877,-0.3383378217705832,0.991238547796742,0.10702882412625027,0.0,0.0,2.0,0.0,0.5658798222634003,0.14288020097277024,1.219547794857404,-0.10676502407716056,1.4313277701431877
2.417957553863525,0.1001291275024414,-0.9305316287614661,-0.3320899877678766,1.0120945497997813,0.10679105144799851,0.0,0.0,2.0,0.0,0.5461978242234886,0.1409863823530282,1.1938283284426399,-0.10655358540371888,1.397186476686785
2.518090019226074,0.10013246536254883,-0.901857246058308,-0.325066320152913,1.0326915427441785,0.10258709650940825,0.0,0.0,2.0,0.0,0.5252885824769928,0.14029508535156016,1.1696306583931861,-0.09838870298801733,1.3618738033475308
2.6179216003417967,0.09983158111572266,-0.8716100330751638,-0.3176306035212,1.0531494310644884,0.10321827602046907,0.0,0.0,2.0,0.0,0.5043518013096262,0.13732061443221497,1.145235879934415,-0.10385052035037622,1.3255637479744353
2.7175545787811277,0.09963297843933105,-0.8398814237049643,-0.3098875891237799,1.0728612686015344,0.10052333256336904,0.0,0.0,2.0,0.0,0.48224577610649316,0.13602504974763893,1.122997576204338,-0.097818461646817,1.2888046209712247
2.818380842208862,0.10082626342773438,-0.8066613264874903,-0.30162968944338314,1.0918764771686365,0.09648876753035271,0.0,0.0,2.0,0.0,0.4596992979195668,0.13479503013867633,1.1020294665893853,-0.09248726544562254,1.2515475611913098
2.9221160507202146,0.10373520851135254,-0.7704716107887117,-0.29256761238390255,1.1118488179770896,0.09402714398959676,0.0,0.0,2.0,0.0,0.43428783717609326,0.1322463717260398,1.0772750306830319,-0.09165415648026279,1.2116248730428336
3.0242841339111326,0.10216808319091797,-0.7341358438281663,-0.2836187782254663,1.1310412838350783,0.09328813533609208,0.0,0.0,2.0,0.0,0.4109672440865065,0.12931235662440071,1.0551800846613566,-0.09256480899931065,1.172384023669032
3.1189096069335935,0.09462547302246094,-0.6981438334440514,-0.2746396371729227,1.1494262574159664,0.09028055727096836,0.0,0.0,2.0,0.0,0.3847924542011023,0.12637262613647565,1.0318300886143892,-0.087102155125058,1.1341549427022042
3.220194110870361,0.10128450393676758,-0.6687139168927392,-0.26752242407913757,1.163859412575664,0.08820501204752584,0.0,0.0,2.0,0.0,0.38030623136504904,0.1269651739158824,1.024868481086794,-0.08615578917258508,1.103574932648219
3.321070442199707,0.1008763313293457,-0.6289778544584749,-0.25794155493539267,1.1828052802643103,0.08604657027450342,0.0,0.0,2.0,0.0,0.34002141255439866,0.12174732102423992,0.9930711008120765,-0.08390687928398213,1.062993037195243
3.4242963886260984,0.1032259464263916,-0.587036698490566,-0.247675428401803,1.2018676091150993,0.08444459092957024,0.0,0.0,2.0,0.0,0.31232201437267193,0.11776437401646563,0.9708256569951221,-0.08289267554357228,1.0212592798052649
3.5268032646179197,0.10250687599182129,-0.5438067362012489,-0.23729590703319647,1.220979978260938,0.0829605040897784,0.0,0.0,2.0,0.0,0.28345414461666174,0.11409287952843633,0.9475340999996454,-0.08151271161202281,0.9792381263527736
3.629119882583618,0.10231661796569824,-0.501453338042004,-0.2276349683489164,1.2392237725334962,0.08298844952467412,0.0,0.0,2.0,0.0,0.2589006672224098,0.11133975448734791,0.9272700239492939,-0.08301576222856459,0.939177085179811
3.7351746654510496,0.10605478286743164,-0.45166853344583036,-0.2167889283658807,1.2598993613591745,0.08421676919733498,0.0,0.0,2.0,0.0,0.2203331730054671,0.10657701745619227,0.8991303724109498,-0.08537496276432975,0.8937286270919669
3.8275368309020994,0.0923621654510498,-0.41180506483895063,-0.2084272846482519,1.2763021565875232,0.08722976310059176,0.0,0.0,2.0,0.0,0.20219475062815176,0.10425807203654465,0.8829189827722168,-0.09049191474953032,0.8583495284397409
3.922554025650024,0.0950171947479248,-0.36401674166908005,-0.19840477451526095,1.296341430487797,0.08782011144961835,0.0,0.0,2.0,0.0,0.1623092365878989,0.09936794729094799,0.8522099728857193,-0.08844141830949014,0.8167055927406064
4.027786026000976,0.10523200035095215,-0.3258017243050201,-0.19050885122197125,1.3129085554944084,0.08596783873806822,0.0,0.0,2.0,0.0,0.16015756530698982,0.09966690757926433,0.8430228758893015,-0.08420765865465943,0.7839228527519911
4.122607002258301,0.09482097625732422,-0.2823224249675648,-0.18155839257320733,1.331976118833173,0.08443878715495032,0.0,0.0,2.0,0.0,0.11905487387344978,0.09507387563417093,0.8114106295093615,-0.08282622035436352,0.7476130732956214
4.263418684005737,0.14081168174743652,-0.23673192032076631,-0.17219421696767467,1.353070588626322,0.08374211635452576,0.0,0.0,2.0,0.0,0.11175505598662062,0.0943241903246115,0.7963540439404746,-0.08324736280014801,0.7100778223238364
4.331104526519775,0.06768584251403809,-0.20916067564151938,-0.16627818973172123,1.3668194515697187,0.08143383924858269,0.0,0.0,2.0,0.0,0.08201105512006422,0.09028438064837133,0.7691911375267244,-0.07802355872283707,0.6872512142773899
4.4610443210601805,0.12993979454040527,-0.17396486309921227,-0.15861893166023333,1.3853637253442153,0.08080986161212804,0.0,0.0,2.0,0.0,0.0812847956629644,0.09006209572172863,0.7590206588827249,-0.08032965642274656,0.6581804381755072
4.553051481246948,0.09200716018676758,-0.14157061176436542,-0.15119557036891978,1.4039003880234946,0.07692618418090182,0.0,0.0,2.0,0.0,0.04881526119585396,0.08511522479659078,0.7250255775935486,-0.07270512418585072,0.6310602871462123
4.656661281585693,0.10360980033874512,-0.11336846519141666,-0.1446195295496995,1.4210493259908896,0.0784946104232678,0.0,0.0,2.0,0.0,0.04391892773915573,0.08406631394730303,0.711637882424958,-0.08000839216711647,0.6074134507587373
4.725987205505371,0.06932592391967773,-0.08766215308686312,-0.1383362964904593,1.4377603491038746,0.07770499469739656,0.0,0.0,2.0,0.0,0.013119774730868589,0.07862559946033461,0.6764775546721057,-0.07656600414202208,0.5856065309150145
4.828341732025146,0.10235452651977539,-0.06463658770308103,-0.13255475906748604,1.4540717009769202,0.0813442044304238,0.0,0.0,2.0,0.0,0.021574882452610914,0.07957009478064195,0.6732416959632017,-0.08489969909858008,0.5654965608167486
4.926062116622925,0.09772038459777832,-0.044512895703305536,-0.1270687814556547,1.4702465596281837,0.08248511765553046,0.0,0.0,2.0,0.0,0.01220999506130067,0.07707639375198126,0.652599758835192,-0.08365264603745683,0.5465954451788761
5.026990184783935,0.10092806816101074,-0.026866111421074847,-0.1218136865089221,1.486598027298559,0.08371325967372355,0.0,0.0,2.0,0.0,0.006187681258985159,0.07502339200879102,0.6336801465942681,-0.08493010850534274,0.5283388569256615
5.126692304611206,0.09970211982727051,-0.011514195853623016,-0.11723116777996903,1.5031562179715732,0.08265179642868052,0.0,0.0,2.0,0.0,-0.00010363023366968947,0.0737045476262103,0.6129972152259388,-0.08158716184831055,0.5106167517282622
5.225976238250732,0.09928393363952637,0.0016469619466549146,-0.11289129698907861,1.5200578415451023,0.08434862154767883,0.0,0.0,2.0,0.0,-0.004838621779178199,0.0718410805935083,0.5918835435514214,-0.0860576846929396,0.4930432363209907
5.325967798233032,0.0999915599822998,0.01293046854059909,-0.108888914611357,1.5368037235767238,0.08534833682596236,1.0,1.0,2.0,0.0,0.6478800755068211,0.6134466853235463,0.5581513176208093,-0.08534833682596236,1.555150049151471
5.425918350219726,0.09995055198669434,0.022565985691832883,-0.10501811010083223,1.5536377971448203,0.08304091481688503,1.0,1.0,2.0,0.0,0.6266816051965668,0.6095350356590052,0.5064963331648016,-0.08073235126899736,1.5413245901221202
5.525633583068847,0.0997152328491211,0.03159843319612277,-0.09965783876829092,1.5704317295392007,0.08347046353333316,1.0,1.0,2.0,0.0,0.62301040734436,0.6052056324873563,0.48848635775556143,-0.08390123895668106,1.5269505086738846
5.626199731826782,0.10056614875793457,0.04184197767375511,-0.09164640930999234,1.5874422894388431,0.08190024337979383,1.0,1.0,2.0,0.0,0.6145870287402886,0.5991758064910762,0.47000234405139935,-0.08033886296209593,1.5099544838341994
5.726733694076538,0.10053396224975586,0.05457708543767572,-0.07964292624466802,1.604199141302262,0.08088171526691058,1.0,1.0,2.0,0.0,0.6026217677895925,0.5886054683326672,0.45237758356418795,-0.07986859682405749,1.4886610276740426
5.826057682037353,0.09932398796081543,0.07103645930675463,-0.0625864681287615,1.6203250755151508,0.07952696181447809,1.0,1.0,2.0,0.0,0.585709034425645,0.5736239129806748,0.4357763286876519,-0.07816298773304374,1.4615800732324804
5.926385650634765,0.10032796859741211,0.09114830130282586,-0.04062261804258668,1.6366933227600253,0.08014071932498758,1.0,1.0,2.0,0.0,0.5682080626610945,0.5554227424806301,0.4177988218534915,-0.08075247048380182,1.4286002187924014
6.026291379928589,0.09990572929382324,0.1148910902204041,-0.014295273344825506,1.6530512512981974,0.08000151537900937,1.0,1.0,2.0,0.0,0.5475352138487211,0.5356108587890498,0.3997851683899825,-0.07986218008066148,1.3901748515660273
6.126159439086914,0.0998680591583252,0.13503787126273203,0.008580882790050436,1.6656906666710976,0.07974081627355478,1.0,1.0,2.0,0.0,0.5409748031864415,0.5286756752671435,0.3937217108917989,-0.0794797727450716,1.3575102505947707
6.225734481811523,0.09957504272460938,0.17189383307783163,0.05014692595923871,1.6863680958940552,0.07630067948040699,1.0,1.0,2.0,0.0,0.4887154588635246,0.48144429661049215,0.35425117031438,-0.07284586118556372,1.2985937229296662
6.328854570388794,0.10312008857727051,0.2038199511800752,0.08503055288727668,1.7028647288519227,0.07134027005239975,1.0,1.0,2.0,0.0,0.47637259262051096,0.4754931834416134,0.34552359670390737,-0.06652994696555496,1.2487438202645496
6.429728517532348,0.10087394714355469,0.24294141099101563,0.126283228882897,1.7217053822887378,0.06670831489101235,1.0,1.0,2.0,0.0,0.4366803344679376,0.44476778535402794,0.3189585949070106,-0.062116489853378413,1.189103274560552
6.5299015140533445,0.1001729965209961,0.28174919448285207,0.16583282414001282,1.7386935581141145,0.06447872120797292,1.0,1.0,2.0,0.0,0.41112147932128873,0.4256727035010207,0.3033187463991024,-0.0622529779832785,1.1313709177273916
6.630059728622436,0.1001582145690918,0.3227254562242752,0.20662536099964768,1.7557610648909683,0.06623039306635208,1.0,1.0,2.0,0.0,0.3823420032362354,0.4005065653631166,0.2838974480024977,-0.06797929790248092,1.071352781710464
6.7299511528015135,0.09989142417907715,0.3659626060310516,0.24880858256592817,1.772910257708586,0.06657267545232107,1.0,1.0,2.0,0.0,0.35120972775305287,0.37483785683654985,0.26419805894411746,-0.06691532987814583,1.00889132895051
6.829875001907348,0.09992384910583496,0.4111650096715096,0.2922292321328623,1.7895098535821368,0.06694521341978693,1.0,1.0,2.0,0.0,0.3195004895046698,0.34889030732145937,0.24644136654840348,-0.067318035294444,0.9444428026203623
6.929071912765503,0.0991969108581543,0.45619221014502076,0.3351549027355428,1.8045029407806865,0.06773287097913,1.0,1.0,2.0,0.0,0.2908642058052786,0.3250566145951467,0.23241484989341832,-0.06852690534222558,0.8808887647296578
7.02995038986206,0.10087847709655762,0.5066916584861787,0.3828840259857559,1.8198148479383878,0.06733329530020599,1.0,1.0,2.0,0.0,0.25118267228315366,0.2930632668550836,0.2148212073733286,-0.06693719923449959,0.8103406285100929
7.129836568832397,0.09988617897033691,0.5563106532845284,0.4298175490721496,1.833525163847809,0.06800713430575714,1.0,1.0,2.0,0.0,0.22037207350996454,0.26727146384535516,0.20210551106445385,-0.06868174115577115,0.7414055130674382
7.22990966796875,0.10007309913635254,0.6063340921309539,0.4775070079260161,1.8456015977939368,0.06741374947244003,1.0,1.0,2.0,0.0,0.1878066151123502,0.2399076363945776,0.19170299923743192,-0.06682079808146871,0.6721686100886962
7.330153713226318,0.10024404525756836,0.6560222850252948,0.5258933881210184,1.855910586030852,0.06553931099976287,1.0,1.0,2.0,0.0,0.1562741623907304,0.21228207761593668,0.18362186211311265,-0.06366943586866561,0.6032076815198555
7.430964241027832,0.10081052780151367,0.704467116755672,0.5740295285177037,1.864413141447598,0.06571591723914173,1.0,1.0,2.0,0.0,0.1277249901679834,0.1859725015662079,0.1778016186692953,-0.06589110354480869,0.5358864841229571
7.5298123455047605,0.09884810447692871,0.7508712079377019,0.6212321875989708,1.8720100411853349,0.06565536491899297,1.0,1.0,2.0,0.0,0.09973491432970388,0.15943167968835278,0.17081544941143562,-0.06559410697128705,0.4710749837370487
7.629793653488159,0.09998130798339844,0.7945623122513027,0.6669863071627983,1.878319353982702,0.06714185841479617,0.0,0.0,2.0,-3.1,-0.5033500189935417,-0.367917155757291,0.14662506472801146,1.5,1.0445124133336043
7.730183372497558,0.10038971900939941,0.8345417603503452,0.7097018580348575,1.8836163418342544,0.077407316615163,0.0,0.0,2.0,-3.1,-0.598381454700407,-0.4460879622465723,0.13030001619960607,1.5,1.1016722892742756
7.829144248962402,0.09896087646484375,0.867855804037537,0.7456607251174078,1.8874224274814633,0.10693075174612869,0.0,0.0,2.0,-3.1,-0.6242159451400118,-0.4399102085881309,0.12915049969497833,1.5,1.149720541444061
7.930456647872925,0.10131239891052246,0.8969649166364222,0.7770124166849085,1.8900417320979246,0.1331882178250403,0.0,0.0,2.0,-3.1,-0.6479583564960524,-0.433322446135122,0.1290856942967474,1.5,1.1917991349380692
8.034022579193115,0.10356593132019043,0.9129013785052063,0.7931400760438994,1.8913422733930605,0.15555164136229796,0.0,0.0,2.0,-3.1,-0.6461456739982776,-0.4077878153059618,0.13074693167150747,1.5,1.2141938101699483
8.136309871673584,0.10228729248046875,0.926185600811371,0.8052308912614041,1.8921092062811584,0.18322097277250257,0.0,0.0,2.0,-3.1,-0.6628545976460343,-0.3911960930999534,0.13139036214672406,1.5,1.232013384164814
8.237033853530884,0.1007239818572998,0.9301580620234471,0.8053645748483224,1.8928553243385955,0.2104286847142241,0.0,0.0,2.0,-3.1,-0.6597571796856975,-0.3588855204950852,0.13105267845549237,1.5,1.23502473671195
8.339740285873413,0.1027064323425293,0.9254702494538088,0.7943456073113445,1.89377888007962,0.2391423997168146,0.0,0.0,2.0,-3.1,-0.6503486127350564,-0.32180124607304894,0.13017296345400703,1.5,1.2242397856613154
8.439595232009887,0.09985494613647461,0.9133285794905518,0.774085064276111,1.8951981917007492,0.2610023005692756,0.0,0.0,2.0,-3.1,-0.6334249483812611,-0.2872391724553654,0.12794872967356227,1.5,1.2018153767831283
8.54405737876892,0.1044621467590332,0.8940413953706766,0.7441124264509157,1.897326241231251,0.2879293914157902,0.0,0.0,2.0,-3.1,-0.6131966937231765,-0.24720430374294028,0.12469979514715078,1.5,1.1677136723421198
8.65115023612976,0.10709285736083984,0.8689493851809512,0.7064869174583707,1.9002359484403444,0.3132121444993646,0.0,0.0,2.0,-3.1,-0.589025202122993,-0.20832227561148647,0.12038265596472202,1.5,1.1243441041468494
8.748962173461914,0.09781193733215332,0.8406939482944098,0.6643857946070798,1.9034204935265489,0.33849998527674857,0.0,0.0,2.0,-3.1,-0.5583202573346141,-0.1672906264794202,0.115955955253998,1.5,1.0758728548695613
8.834615716934204,0.08565354347229004,0.8077252384673761,0.6165511320978643,1.9070125306560082,0.36501247540716286,0.0,0.0,2.0,-3.1,-0.5137126938580113,-0.12037720296952732,0.11016794960399223,1.5,1.0203930756347466
8.949532041549682,0.11491632461547852,0.7732376733589659,0.5682386207496475,1.9104607841458565,0.39479655620035514,0.0,0.0,2.0,-3.1,-0.5066557530922866,-0.10076195921657408,0.10893055581913727,1.5,0.9637473220657079
9.034079322814941,0.08454728126525879,0.7335376643013862,0.515079674950661,1.9143236331843465,0.4270242036164168,0.0,0.0,2.0,-3.1,-0.43867083780749816,-0.04730145134099705,0.10152092637390069,1.5,0.9004026967567024
9.134279022216797,0.10019969940185547,0.6950752820676834,0.4660566955354681,1.9182424137857923,0.4585932197932327,0.0,0.0,2.0,-3.1,-0.427021234341597,-0.030344627128657185,0.09854377812009364,1.5,0.840846474749394
9.236394414901733,0.10211539268493652,0.6549867135450255,0.41804816647782267,1.921933259927608,0.4924827466077337,0.0,0.0,2.0,-3.1,-0.3931924699808333,-0.004994074539477528,0.09510651907492361,1.5,0.7809393576466185
9.333972940444946,0.09757852554321289,0.6132162401877025,0.37172128498570195,1.925382653781475,0.5217228029773212,0.0,0.0,2.0,-3.1,-0.35262853839405023,0.016059603230879564,0.09149008867799643,1.5,0.7209567388533508
9.433986196517944,0.10001325607299805,0.5697443658298417,0.3272843787343878,1.9282565369294418,0.553399322180659,0.0,0.0,2.0,-3.1,-0.3172997624253704,0.031787523677216906,0.08972317490200728,1.5,0.660962049933095
9.534137020111084,0.10015082359313965,0.5245653842512492,0.2847198360441202,1.9310558410993524,0.5837174759604643,0.0,0.0,2.0,-3.1,-0.27903354258698715,0.0439855750825089,0.08686607804777641,1.5,0.6008223734500648
9.634056100845337,0.09991908073425293,0.47798741659697497,0.24447328998408585,1.933337227903539,0.6146530100700159,0.0,0.0,2.0,-3.1,-0.2408596936300161,0.052183470360787645,0.0854851663006963,1.5,0.541001927098488
9.734087715148926,0.10003161430358887,0.43032879269547847,0.20594125241896752,1.935377591994127,0.6459712392980845,0.0,0.0,2.0,-3.1,-0.20271409164015916,0.057912096824629354,0.08384697384790167,1.5,0.4814257210485523
9.834360370635986,0.10027265548706055,0.3824203535105027,0.16973595930105623,1.9370022571517884,0.6813015103701952,1.0,0.0,2.0,-1.5,0.2240578974244166,-0.31300070407789504,0.07591313896610795,-1.5,0.6435709993791763
9.934988746643066,0.10062837600708008,0.335474572079127,0.1363474207029849,1.9387852373731944,0.6888029475661124,1.0,0.0,2.0,-1.5,0.34227030052059404,-0.3236982001647078,0.07053786708001554,-1.5,0.6811254734989965
10.034637460708618,0.09964871406555176,0.2927336984422534,0.10579730162031792,1.9403731595745253,0.6664924267753748,1.0,0.0,2.0,-1.5,0.3746106205197392,-0.3174334235059254,0.06928610003897467,-1.5,0.7176169245833315
10.140473613739013,0.10583615303039551,0.25622221344856333,0.07628425580127182,1.9407816055016684,0.6420135905446365,1.0,0.0,2.0,-1.5,0.39842540010245947,-0.3034325182506956,0.07152453155064481,-1.5,0.7500210008376221
10.23764492034912,0.09717130661010742,0.23157890420519017,0.04968914668473093,1.940396410012993,0.6161853144682563,1.0,0.0,2.0,-1.5,0.41636590995609846,-0.28174644250090464,0.07384101717711815,-1.5,0.7723293207564325
10.338231334686279,0.1005864143371582,0.21893559805539678,0.024461254258998092,1.9399618565988663,0.5922374947270452,1.0,0.0,2.0,-1.5,0.42053960981726474,-0.2559680890250025,0.07473565497714123,-1.5,0.7837502992714319
10.437891492843628,0.09966015815734863,0.21901851804349146,0.000534314393147842,1.939790579068942,0.5656062205096597,1.0,0.0,2.0,-1.5,0.4186296798895423,-0.22413612326772836,0.07472089523473116,-1.5,0.7832991350816803
10.538159856796264,0.10026836395263672,0.23032443898941407,-0.02193449911789094,1.9405194064309395,0.539607467137898,1.0,0.0,2.0,-1.5,0.4104589922858943,-0.19193706461749815,0.07234702694154029,-1.5,0.7722820291058445
10.638444910049438,0.10028505325317383,0.25202392274798824,-0.04272159736592121,1.941710776273353,0.5142592862925741,1.0,0.0,2.0,-1.5,0.3958924539782074,-0.15908985043011895,0.07028744648605374,-1.5,0.7514592341740559
10.738673219680786,0.10022830963134766,0.2824877921045835,-0.061243619526506754,1.9430173988421617,0.48712787988070416,1.0,0.0,2.0,-1.5,0.37659088292344767,-0.12702910203183024,0.06877373736908593,-1.5,0.7223721798673979
10.83814598083496,0.0994727611541748,0.3202288905741775,-0.07734585438174123,1.9442964534840244,0.4597923493616252,1.0,0.0,2.0,-1.5,0.3528865441654738,-0.09627083092469318,0.06755154539859257,-1.5,0.6864211735476351
10.938133964538574,0.09998798370361328,0.3636563499457026,-0.09098749021586887,1.946013045541925,0.4299358241844747,1.0,0.0,2.0,-1.5,0.32686750080184446,-0.06761100180069,0.06489960867530581,-1.5,0.6450787204612063
11.037801752090454,0.09966778755187988,0.4113815453970221,-0.10220837091533128,1.9477149979843345,0.4001956652672812,1.0,0.0,2.0,-1.5,0.29802033423784724,-0.041332743599392624,0.06313616820200317,-1.5,0.5997098945491413
11.138074407577514,0.10027265548706055,0.46207311572614423,-0.11064163000334958,1.9489056888612022,0.3723018585352678,1.0,0.0,2.0,-1.5,0.2678254673535891,-0.019843327329860033,0.06300385159468046,-1.5,0.5515591824501924
11.238241205215454,0.10016679763793945,0.5146889097211303,-0.11642912605265095,1.9494014133136301,0.34320847549545325,1.0,0.0,2.0,-1.5,0.23586756335063733,-0.0008399743861880686,0.06404750566718455,-1.5,0.501640122713193
11.337879190444946,0.09963798522949219,0.5681397677331227,-0.11968464406019251,1.9498041519328455,0.3128971862604185,1.0,0.0,2.0,-1.5,0.2031561415798983,0.015085296564011218,0.06399568414828588,-1.5,0.45094045881978373
11.440068016052246,0.1021888256072998,0.61749513338123,-0.12087166114745827,1.9494399221942798,0.285781551610591,-1.0,1.0,2.0,-1.5,-0.7428090502252539,0.9204017673820528,0.06093042711554331,-1.5,1.968552795518359
11.542126426696777,0.10205841064453125,0.6765960700207154,-0.12031646459954026,1.9476306028886547,0.2526213574955084,-1.0,1.0,2.0,-1.5,-0.8930154994442896,0.9262647360966656,0.06691450163604785,-1.5,2.0171330934312506
11.6423823928833,0.10025596618652344,0.7254598820280667,-0.11751525175436858,1.9440613249954315,0.22332805376995116,-1.0,1.0,2.0,-1.5,-0.9374973430102768,0.899704073062638,0.07505272007032637,-1.5,2.0564973322990734
11.742354879379272,0.09997248649597168,0.767607637535819,-0.11155626018752651,1.9400566157188794,0.1938263203794156,-1.0,1.0,2.0,-1.5,-0.9818823004510925,0.867890196573232,0.08104929834334523,-1.5,2.0889201251259255
11.842135915756225,0.09978103637695312,0.799985051785924,-0.10144487184139764,1.936322841397052,0.1640701043905648,-1.0,1.0,2.0,-1.5,-1.0156695211007625,0.8283039444993848,0.0853198290827098,-1.5,2.1112038681487473
11.943018684387207,0.10088276863098145,0.8208423904132272,-0.08640398344837867,1.9332368013711916,0.13628790731244814,-1.0,1.0,2.0,-1.5,-1.036569389252689,0.784301549693359,0.08799397582377017,-1.5,2.121367000466777
12.042988786697387,0.09997010231018066,0.8296942726540527,-0.0667580310526713,1.9309287897288527,0.10876043876383276,-1.0,1.0,2.0,-1.5,-1.0473537667694808,0.7363962312140825,0.08960817473967934,-1.5,2.119085807674322
12.144031057357788,0.10104227066040039,0.8278328422258407,-0.04300881484769864,1.9289558239859097,0.07874472603613616,-1.0,1.0,2.0,-1.5,-1.053365902077829,0.6843666915341224,0.09162248152823532,-1.5,2.10567983366772
12.242531785964966,0.09850072860717773,0.8163717704345851,-0.01550907486925719,1.9272255136507976,0.0494284832833506,-1.0,1.0,2.0,-1.5,-1.0525261747356593,0.6300370967257722,0.09366533698061096,-1.5,2.082249076224282
12.344316968917846,0.10178518295288086,0.7968344046094897,0.015230285674428768,1.9262662116786713,0.019584975887674404,-1.0,1.0,2.0,-1.5,-1.0482254686000183,0.5762001433620674,0.0935634092800212,-1.4902648857430298,2.050322398887897
12.441978225708008,0.09766125679016113,0.7704773217975599,0.04926084298478944,1.9257741719719705,-0.009165046268804553,-1.0,1.0,2.0,-1.5,-1.0366013376483156,0.518696656338279,0.0936389979028362,-1.4613964403417428,2.01097100059347
12.542923221588135,0.10094499588012695,0.7387263270031977,0.0862320487249406,1.9260452622523097,-0.04044987720632867,-1.0,1.0,2.0,-1.5,-1.0255860282265872,0.4622276989195155,0.09214220700237673,-1.4285581645843957,1.9656068814050227
12.640507469177246,0.09758424758911133,0.7131693900220796,0.11485652794731108,1.9262669775813663,-0.06390977928263587,-1.0,1.0,2.0,-1.5,-1.0283255651966876,0.4322936540486407,0.0923186045933017,-1.4120495556962147,1.929731816502257
12.753619918823242,0.1131124496459961,0.6733382002481242,0.1587247927949907,1.9275891851126061,-0.09327776859636205,-1.0,1.0,2.0,-1.5,-0.9995317923799737,0.36507892984564505,0.0892580279762897,-1.3807586974110153,1.874312682766704
12.849219808578491,0.09559988975524902,0.6328649135534357,0.20372707266564297,1.9289237183371657,-0.12571864062333724,-1.0,1.0,2.0,-1.5,-0.9712108256762829,0.29772518017162214,0.08754228245338803,-1.340347353688969,1.8180622207544246
12.951340684890747,0.10212087631225586,0.5874467228476027,0.2552245937324379,1.9306712230050025,-0.16196531397132413,-1.0,1.0,2.0,-1.5,-0.9455075624480279,0.2317860274902423,0.08516876239956325,-1.3025407942242664,1.7548458573277106
13.047617444992065,0.09627676010131836,0.5462404555847913,0.3032443069656514,1.9318417738830211,-0.19376658419357976,-1.0,1.0,2.0,-1.5,-0.925215255638302,0.17842121812922013,0.08508299051001694,-1.2732023185937709,1.6973430961506433
13.154837856292724,0.10722041130065918,0.501065417942467,0.35691153877593124,1.9329611369247803,-0.2225057776826355,-1.0,1.0,2.0,-1.5,-0.8973349028965686,0.12585721929430085,0.08444282270844676,-1.2506903767245066,1.6343972488549876
13.25507999420166,0.10024213790893555,0.4557230404822763,0.4114310942545444,1.933926361960945,-0.25442978678116823,-1.0,1.0,2.0,-1.5,-0.8601951458164477,0.06721789097036283,0.08377790011684091,-1.2137233175275868,1.571594302943696
13.359604368209839,0.10452437400817871,0.41206593148405435,0.46375587838282184,1.9344731097135115,-0.2831909021332435,-1.0,1.0,2.0,-1.5,-0.8346542143497947,0.024409079411631833,0.08434388451452325,-1.189292917430388,1.5118801957091463
13.461416254043579,0.10181188583374023,0.36670947039766993,0.5164498131738724,1.9349782786328449,-0.3148634148703456,-1.0,1.0,2.0,-1.5,-0.794585747822275,-0.024795696567295016,0.08412248673098333,-1.154027729343579,1.4511868880002363
13.560019025802612,0.0986027717590332,0.3222040348065397,0.5646564676276451,1.9355123155524903,-0.34394573517812527,-1.0,1.0,2.0,-1.5,-0.7592573357447508,-0.061771238494258925,0.08370872436579704,-1.1265598400821206,1.3935229320978304
13.665125141143799,0.10510611534118652,0.27533616462147226,0.6116413846556117,1.9364185714811695,-0.37225487018766484,-1.0,1.0,2.0,-1.5,-0.7238025875013339,-0.09371618838829092,0.08231410684483217,-1.100811268811341,1.3346712497675646
13.760836133956909,0.09571099281311035,0.22750458898652934,0.6550100707206562,1.9373830600657056,-0.4070966097408994,-1.0,1.0,2.0,-1.5,-0.6756641202717573,-0.1290463998943661,0.0811654173915312,-1.0565003204244077,1.276599564645817
13.880046615600586,0.11921048164367676,0.18041510392614202,0.693326616121101,1.9384346603692788,-0.4391314873138357,-1.0,1.0,2.0,-1.5,-0.6584561433164835,-0.1482163888971284,0.08052160243408188,-1.0339959783827721,1.2211546474548363
13.957025299072265,0.07697868347167969,0.13031972142979015,0.729631553676668,1.9402132353308859,-0.47160612568661275,-1.0,1.0,2.0,-1.5,-0.5722119892367238,-0.17790903488464832,0.0757607482220495,-0.9862073404468731,1.1637423368813264
14.065598258972168,0.10857295989990234,0.08082936038198565,0.7607866309058381,1.9420149248944356,-0.5029623912804224,-1.0,1.0,2.0,-1.5,-0.5702984487495535,-0.18765057332287252,0.07521560077106237,-0.9681572451164133,1.1085023279867796
14.145971784591675,0.08037352561950684,0.029558408020402334,0.7882173495947984,1.944056635822345,-0.535023848663989,-1.0,1.0,2.0,-1.5,-0.5014832817653171,-0.19739581503777073,0.07122866509795481,-0.9250855814792803,1.0526025206760958
14.246552000045776,0.10058021545410156,-0.023140606422542804,0.8119737222324303,1.9455150417297022,-0.561322213675711,-1.0,1.0,2.0,-1.5,-0.4846267495141501,-0.20150320534583255,0.07193315364905335,-0.9125311282633676,0.9962814695804398
14.34620285987854,0.09965085983276367,-0.07729923937084321,0.8322902536482248,1.9464550983569437,-0.5946840980599807,-1.0,1.0,2.0,-1.5,-0.44417855355089336,-0.20379122616262102,0.07208516063688361,-0.8718371297144125,0.9393456814075242
14.446015605926513,0.09981274604797363,-0.1329103606969541,0.8494658533049714,1.9470129487313783,-0.6259480398387348,-1.0,1.0,2.0,-1.5,-0.40564569841551756,-0.20131241160743726,0.07244908596382317,-0.8427293655862922,0.8816533329546428
14.545929203033447,0.0999135971069336,-0.19011555844626352,0.8639150342807338,1.9476174128105586,-0.6556263706305829,-1.0,1.0,2.0,-1.5,-0.36768231004834945,-0.19453486157279656,0.07189323595588609,-0.8146696334657516,0.8229069582925405
14.647702941894531,0.10177373886108398,-0.24879855130707132,0.8758400009534278,1.9478562638095753,-0.6874196701155098,-1.0,1.0,2.0,-1.5,-0.33170141900484174,-0.18574433195328377,0.0726125550322298,-0.7813411321889797,0.7631764482120083
14.748187074661255,0.10048413276672363,-0.30868214429817026,0.8860250379560984,1.9476186747783626,-0.7170850830795247,-1.0,1.0,2.0,-1.5,-0.29431976270624843,-0.17279932611498464,0.07410310161000802,-0.7533924319796101,0.7026054887467502
14.845837602615356,0.09765052795410156,-0.3695512326242069,0.8950875935477997,1.9471055338002827,-0.7506577703877766,-1.0,1.0,2.0,-1.5,-0.2558100648589989,-0.15790511583048536,0.0755552150613459,-0.714961783329299,0.6413034273008382
14.946378002166748,0.1005403995513916,-0.4311397047333626,0.9036225941908773,1.9467178633623679,-0.7790994860574438,-1.0,1.0,2.0,-1.5,-0.22330685549956605,-0.1430845762584257,0.07600846910645825,-0.6926116710529584,0.5794218031503592
15.046233186721802,0.09985518455505371,-0.4926628246762004,0.9116101142135524,1.9462324510168658,-0.8064875521063067,-1.0,1.0,2.0,-1.5,-0.1904616298653049,-0.12492305421318944,0.07706047152349613,-0.6660846621749027,0.5177786502923105
15.147350559234619,0.10111737251281738,-0.5537775339378546,0.9193792739660985,1.9460141468056331,-0.831227997647996,-1.0,1.0,2.0,-1.5,-0.16069138866720917,-0.10662926492593236,0.0770549331134416,-0.6443049449840396,0.456649387418772
15.25020504951477,0.10285449028015137,-0.6157813344737828,0.9269842919175679,1.9458656113153212,-0.8592889460528871,-1.0,-1.0,2.0,0.0,0.7263855189740851,-0.9311577544638284,0.06523966466935406,0.8592889460528871,1.965660951505641
15.350221166610718,0.10001611709594727,-0.6733871900049236,0.9327994574973337,1.945767047094717,-0.8595183005967607,-1.0,-1.0,2.0,0.0,0.8160618784964329,-0.8488421568900572,0.06582624687743889,0.8597476181812992,1.960951525085639
15.450147399902344,0.09992623329162598,-0.7281495531831857,0.9345089557079106,1.9468416029216307,-0.825207307483106,-1.0,-1.0,2.0,0.0,0.8033776601672873,-0.8533069447304465,0.06245458097652567,0.7908709855950178,1.9542398471857425
15.550378332138061,0.10023093223571777,-0.7787838443684799,0.9301158471147524,1.9474744345403248,-0.79053038485802,-1.0,-1.0,2.0,0.0,0.7830097313004374,-0.8568572299871311,0.06284636835959638,0.7559333579207321,1.9434615267153466
15.651124486923218,0.10074615478515625,-0.8240708000191724,0.9176103660909636,1.9471767483290596,-0.7560560635474554,-1.0,-1.0,2.0,0.0,0.754490759284143,-0.857727781847995,0.06532338885913054,0.7218370689028637,1.926388043843323
15.750214586257934,0.0990900993347168,-0.8641629009342244,0.8959592025600873,1.9463470566056114,-0.7190175220387901,-1.0,-1.0,2.0,0.0,0.7174495967147104,-0.8535487017313551,0.06766850061040149,0.6816388719442407,1.9015760972387534
15.850206861495971,0.09999227523803711,-0.8988771936298954,0.8654571560414007,1.9457887457851464,-0.687086566630495,-1.0,-1.0,2.0,0.0,0.6793557288398081,-0.8441510268078773,0.06805159599854241,0.6551531444413493,1.8689823656412021
15.94992519378662,0.09971833229064941,-0.9286851430293022,0.8271618535576687,1.9453302342697036,-0.6556850090696855,-1.0,-1.0,2.0,0.0,0.6396673369027422,-0.8310117498004566,0.06867729409094259,0.6241947536277039,1.8293701187037172
16.050085792541502,0.10016059875488281,-0.9543008069740021,0.781763393298692,1.9448201472278148,-0.6255864822948188,-1.0,-1.0,2.0,0.0,0.5995103182173086,-0.8142073272769957,0.06966466593520504,0.5955362158736635,1.78320330363491
16.14996362686157,0.09987783432006836,-0.975653425105049,0.7301031256625907,1.9446690944400409,-0.5942501978207504,-1.0,-1.0,2.0,0.0,0.5563587907551831,-0.7953213846393098,0.0694061826038431,0.5628755843367933,1.7311588864823086
16.250367889404295,0.10040426254272461,-0.9929705229244753,0.6731276832993639,1.9443676134046746,-0.5679505585764526,-1.0,-1.0,2.0,0.0,0.5163401361344336,-0.7722554916327439,0.07034530552281512,0.5417568108427778,1.67406708963797
16.35089946746826,0.10053157806396484,-1.0066068005473705,0.6114104694946216,1.9436662800264175,-0.5378789190342879,-1.0,-1.0,2.0,0.0,0.472634056125959,-0.7482815860755665,0.07226478704375655,0.5079662884745336,1.6124083970931222
16.4503178691864,0.09941840171813965,-1.0167192166622625,0.5461810355410869,1.942691048348898,-0.5121041346799214,-1.0,-1.0,2.0,0.0,0.43178007971114873,-0.7200910291825803,0.0742865669396725,0.4861785676732818,1.5473330742965639
16.550180683135984,0.09986281394958496,-1.0235646097628504,0.47812467519744445,1.9419855658976493,-0.4884392322520585,-1.0,-1.0,2.0,0.0,0.3929260249114483,-0.6910808194715565,0.07487384974367264,0.4647418202806614,1.4794504117492557
16.650310049057005,0.10012936592102051,-1.0277777765114113,0.4074398119620031,1.941130042784958,-0.4649973074939356,-1.0,-1.0,2.0,0.0,0.3546930020391949,-0.6595513340001034,0.0764911404191864,0.44158566941703675,1.408944321478339
16.749914655685423,0.09960460662841797,-1.0296329288446093,0.33461724164179946,1.940127778695845,-0.4454068539117928,-1.0,-1.0,2.0,0.0,0.31910981958230206,-0.6245569752472588,0.07829568461631733,0.42573863348979346,1.3362881332419922
16.85100294113159,0.10108828544616699,-1.0291375314634208,0.25983743974063855,1.9391663601307614,-0.4305532420674108,-1.0,-1.0,2.0,0.0,0.2870808584196401,-0.5888629590835113,0.07964651635581074,0.4158595396479627,1.2616418279574315
16.952989349365232,0.10198640823364258,-1.0263222482552787,0.18318693533794175,1.9387205480639385,-0.41362882744445245,-1.0,-1.0,2.0,0.0,0.25323531313878617,-0.5519375629045674,0.07946609574475284,0.39703405279155374,1.185065127297731
17.056045780181883,0.10305643081665039,-1.0208771574807392,0.10180511471038384,1.938851371210683,-0.39842066175876245,-1.0,-1.0,2.0,0.0,0.21717129929861884,-0.5081795077510166,0.07849605170525477,0.38366353737052594,1.1036981114912046
17.154219636917112,0.09817385673522949,-1.0141654021090385,0.02243727572826023,1.9392764558220712,-0.37863689547610824,-1.0,-1.0,2.0,0.0,0.18253897908312458,-0.4678585107648726,0.07767192650948182,0.35848512906846863,1.0243368538879514
17.25157357215881,0.09735393524169922,-1.0067701776066909,-0.054608016016245334,1.9392128127085344,-0.3618408047626898,-1.0,-1.0,2.0,0.0,0.15398708531298988,-0.43198786383630433,0.07904092100615819,0.3445881989263474,0.9473684187391798
17.351410875320433,0.0998373031616211,-1.0003081683527,-0.11917481231278026,1.9390319835003735,-0.3500043011434708,-1.0,-1.0,2.0,0.0,0.14096196250349466,-0.4185256646853157,0.07979376210843318,0.33814850852449596,0.8829327297523057
17.45313359260559,0.10172271728515625,-0.9925285547342804,-0.19653850836242917,1.938502147044604,-0.34000400326642494,-1.0,-1.0,2.0,0.0,0.10952633655959254,-0.36220566656503245,0.08142183141096968,0.3301730646679088,0.8058462489563083
17.556829938888548,0.10369634628295898,-0.9847915157414018,-0.2799612046650687,1.938469899592206,-0.3201847489708188,-1.0,-1.0,2.0,0.0,0.0803419364630618,-0.3119151426879423,0.0808000197095767,0.3010719691998471,0.7228230198582613
17.65548563957214,0.09865570068359375,-0.9781149766674228,-0.35932729145640274,1.938886777641655,-0.30803045836745596,-1.0,-1.0,2.0,0.0,0.059261889854328925,-0.2683979581537981,0.07969391150998732,0.29571055133811586,0.6439528706868827
17.760613927841185,0.10512828826904297,-0.9722984735701385,-0.4499908362189239,1.9396957856919863,-0.2946097006624369,-1.0,-1.0,2.0,0.0,0.035740805784315495,-0.20928312187765621,0.07834611552302867,0.2818436241610553,0.55399824284289
17.862924585342405,0.1023106575012207,-0.9693711619653326,-0.520541124429508,1.940300310986063,-0.2850567401884137,-1.0,-1.0,2.0,0.0,0.03125691241852199,-0.19324852420282893,0.07828342364096219,0.27571953064706245,0.48413117225710145
17.965225706100462,0.10230112075805664,-0.9682687182009083,-0.5954195402106875,1.9410087465566872,-0.26988661624828675,1.0,-1.0,2.0,-3.1,1.2049848666860103,0.08104732172231723,0.07109124769908402,-1.5,2.0102853189222647
18.067348012924192,0.10212230682373047,-0.9694250070183064,-0.6700947098239087,1.941376115284116,-0.26830564862534245,1.0,-1.0,2.0,-3.1,1.1684916391510076,0.22894723243352585,0.07023027740971273,-1.5,1.9977259868696728
18.168126354217527,0.10077834129333496,-0.970397490203287,-0.7371630084110928,1.942152863008795,-0.2962512725853362,1.0,-1.0,2.0,-3.1,1.155063298856525,0.2909893158514199,0.06876763786035697,-1.5,1.988691993448206
18.273064384460447,0.10493803024291992,-0.97015326030018,-0.8008385394772035,1.9428410735244448,-0.3264103158269798,1.0,-1.0,2.0,-3.1,1.136521673484743,0.35337557243028167,0.06847153854463353,-1.5,1.981019005286128
18.376939067840574,0.10387468338012695,-0.9655677842990358,-0.8572135225644005,1.9429573209086919,-0.35139413499089905,1.0,-1.0,2.0,-3.1,1.1123877025408166,0.40180799205655815,0.0697161351280749,-1.5,1.9715726108998881
18.47897768974304,0.10203862190246582,-0.9549555442026214,-0.9030972729211824,1.9425979155890873,-0.3766466024501083,1.0,-1.0,2.0,-3.1,1.0826614498632166,0.4366524030202947,0.07136855492752874,-1.5,1.9581972111150086
18.57986308097839,0.10088539123535156,-0.9360257623466975,-0.9414806164290664,1.9411304826513907,-0.4045200284112697,1.0,-1.0,2.0,-3.1,1.0431424497362476,0.4688226739215025,0.07563108747171861,-1.5,1.9378043995193355
18.686726579666136,0.10686349868774414,-0.9103219242720909,-0.9698425328957453,1.9393561440895535,-0.43073359547551243,1.0,-1.0,2.0,-3.1,1.0093876001974673,0.48600157727705434,0.07849597260628668,-1.5,1.9115221694859978
18.76082206726074,0.07409548759460449,-0.875725240788783,-0.9908083075602372,1.9378641257215268,-0.4591965068591943,1.0,-1.0,2.0,-3.1,0.9393596084404073,0.503909458855225,0.08122312240896762,-1.5,1.8767766337565042
18.858779916763304,0.09795784950256348,-0.8354446108202158,-1.004156620672733,1.9366529814117055,-0.48710347218113087,1.0,-1.0,2.0,-3.1,0.9175096202667247,0.5101606640836444,0.08143226373498226,-1.5,1.8365421426279378
18.99945069313049,0.1406707763671875,-0.7706492944178124,-1.0138935638319397,1.9351486835079845,-0.5276345024175622,1.0,-1.0,2.0,-3.1,0.8582029601750991,0.5199880494354072,0.08335951852694365,-1.5,1.7718909808983727
19.058147201538084,0.05869650840759277,-0.736681550181729,-1.0158496534690367,1.9348962646476549,-0.5438029116524447,1.0,-1.0,2.0,-3.1,0.8192590436346802,0.5104910763565408,0.08257482090474429,-1.5,1.7379736806446553
19.15834380149841,0.10019659996032715,-0.6796825061848732,-1.0166497370863403,1.9344291431661333,-0.5724502426844347,1.0,-1.0,2.0,-3.1,0.7785827260743824,0.5132435260117916,0.08353619402592742,-1.5,1.6810443398656885
19.257955560684202,0.09961175918579102,-0.6191726085240279,-1.0156140661725672,1.9339452308455591,-0.6009561976852899,1.0,-1.0,2.0,-3.1,0.7308208267348766,0.5086511927804139,0.08448506732924826,-1.5,1.6205946340109214
19.357994089126585,0.10003852844238281,-0.5554536435283663,-1.013340334184029,1.9333364038517447,-0.6284739514924451,1.0,-1.0,2.0,-3.1,0.6839264063628834,0.5009005754197747,0.08579469437360704,-1.5,1.5569386746860743
19.458207855224607,0.10021376609802246,-0.4888528409390592,-1.0106171013387448,1.9326194415123774,-0.6573482000666592,1.0,-1.0,2.0,-3.1,0.6356637969966165,0.49167376300745813,0.08720635310441892,-1.5,1.490414588118101
19.55828858375549,0.10008072853088379,-0.4195786607931006,-1.0076258274255725,1.9317570368211723,-0.6843733447934054,1.0,-1.0,2.0,-3.1,0.5881208950704756,0.47807746147391555,0.08887528112739321,-1.5,1.4212384843672383
19.65809989929199,0.09981131553649902,-0.34794064389849944,-1.0046234550378814,1.931408679525097,-0.713334024033514,1.0,-1.0,2.0,-3.1,0.539824186098853,0.4628923698849525,0.08861023295639031,-1.5,1.349692603911898
19.757962474822996,0.09986257553100586,-0.2738532084958335,-1.0021413276932971,1.9307750200846767,-0.7442164844177337,1.0,-1.0,2.0,-3.1,0.4903843734680778,0.4462559479567315,0.0902873047384751,-1.5,1.2757345648385074
19.85817337989807,0.10021090507507324,-0.1976814269702899,-1.000141196667517,1.9298162238244874,-0.7710825063182215,1.0,-1.0,2.0,-3.1,0.44380780848289497,0.4251784005834515,0.09243401308565533,-1.5,1.1997360471721867
19.959002742767332,0.1008293628692627,-0.11977375131592007,-0.9990441346597623,1.9291963852504224,-0.8017148625007027,1.0,-1.0,2.0,-3.1,0.3962531919401873,0.40411893569601043,0.09285069710569684,-1.5,1.1220103919644788
20.05812955856323,0.09912681579589844,-0.04065982067357494,-0.9992790159202287,1.9286777820410064,-0.8312234249301539,1.0,-1.0,2.0,-3.1,0.34802137902382074,0.37918155614585536,0.09364338079993664,-1.5,1.0431012611232864
20.162277946472166,0.10414838790893555,0.04276812954887245,-1.001112857772896,1.9281979868143457,-0.8600226138196571,1.0,-1.0,2.0,-3.1,0.3014455804055965,0.35298539467932266,0.09446806386141303,-1.5,0.959921674595016
20.26254726409912,0.10026931762695312,0.12385820689911016,-1.004733915891831,1.9278347240119358,-0.8914247596819981,1.0,-1.0,2.0,-3.1,0.25506809991117896,0.32664118038193973,0.09506898305875332,-1.5,0.8791215380345012
20.36222578048706,0.09967851638793945,0.20526780114106777,-1.0103357641393385,1.9273837766284696,-0.9186465254162337,1.0,-1.0,2.0,-3.1,0.21063635517497348,0.2975620372257941,0.09615226315280485,-1.5,0.7981097742918836
20.46240831375122,0.10018253326416016,0.2868422979651683,-1.0183402736370901,1.9266637164793732,-0.9452216133435939,1.0,-1.0,2.0,-3.1,0.16742139833501754,0.2685823156166277,0.09791637889189006,-1.5,0.717153040911982
20.562461147308348,0.1000528335571289,0.36777741676981146,-1.028071221694048,1.9257646030452449,-0.9747834476962558,1.0,-1.0,2.0,-3.1,0.12558919716124015,0.23864247825143584,0.09972646901723657,-1.5,0.6371846532950076
20.66263819694519,0.10017704963684082,0.44759225479054277,-1.0389048537564567,1.9251672520492156,-1.0024470761537903,1.0,-1.0,2.0,-3.1,0.08726090339351607,0.20760380397099773,0.10021342961992502,-1.5,0.558809309853615
20.76251793861389,0.09987974166870117,0.5252701593069864,-1.0501326420330146,1.924477108454098,-1.0278742351768837,1.0,-1.0,2.0,-3.1,0.05299082080276478,0.17613069937408218,0.10160812086322844,-1.5,0.48330674585513345
20.861807832717894,0.0992898941040039,0.5995763729815649,-1.060944743204321,1.9238767786796587,-1.060564908094226,1.0,1.0,2.0,-1.5,-0.9633235565412557,0.8149132119033818,0.0917257789135972,-0.43943509190577384,2.1008634083253273
20.96397901535034,0.10217118263244629,0.6691256838334652,-1.0710891680721046,1.9235789955026996,-1.0847724920576676,1.0,1.0,2.0,-1.5,-1.0702180443863545,0.6752644255208569,0.09305643025289943,-0.39153434580039415,2.098744463990948
21.061997661590574,0.09801864624023438,0.7337850401029696,-1.0783571338483104,1.9230535971878822,-1.107297839907873,1.0,1.0,2.0,-1.5,-1.103322114293775,0.6205179060336982,0.09455314452057943,-0.3697214837471406,2.096749753689473
21.1620140171051,0.10001635551452637,0.793316533236969,-1.0813809800069136,1.9229591094867282,-1.1255930628256667,1.0,1.0,2.0,-1.5,-1.1231904504719576,0.5757447652335697,0.09416870423152054,-0.35611470604505896,2.093036105321359
21.26214385986328,0.10012984275817871,0.8481529152643573,-1.0779173531393949,1.9236566216147366,-1.1403302136972209,1.0,1.0,2.0,-1.5,-1.1330787372861169,0.5316443352143359,0.09213174243522798,-0.34495174574104026,2.0848564399123064
21.36198926925659,0.09984540939331055,0.8988208145074645,-1.0672669636775518,1.9256041112549207,-1.1548945133386654,1.0,1.0,2.0,-1.5,-1.1347718688866253,0.4859339741863802,0.08765836465713926,-0.33051863712068824,2.071078143130217
21.46215082168579,0.10016155242919922,0.9458242464637652,-1.0489470455855343,1.9285236353032662,-1.166257018520388,1.0,1.0,2.0,-1.5,-1.1284272650452802,0.4435717276309346,0.08258427466931721,-0.32239880309364466,2.0509090371333314
21.56586552619934,0.1037147045135498,0.9916707280972106,-1.0226216866020847,1.9323117898753535,-1.1784671528025696,1.0,1.0,2.0,-1.5,-1.1182864107662458,0.3980187338061563,0.07691418073490505,-0.3097600379902398,2.023771122847979
21.662607917785643,0.09674239158630371,1.0315089376075035,-0.992450619239033,1.9366110238457541,-1.1886848912789316,1.0,1.0,2.0,-1.5,-1.104651377873187,0.3585776445704904,0.07047866748186661,-0.3007533081403511,1.9937077131698726
21.762436637878416,0.09982872009277344,1.0710296877352485,-0.95599721315123,1.9411866334047239,-1.2011284620968758,1.0,1.0,2.0,-1.5,-1.0889105131078591,0.31406260449719703,0.065002583273559,-0.2864066171805304,1.9581698921404689
21.86742664337158,0.10499000549316406,1.1107335348727707,-0.9132294844035777,1.9461585673248782,-1.2173402350970686,1.0,1.0,2.0,-1.5,-1.0712131645410925,0.26533072371317556,0.05901457154276815,-0.26721851130546564,1.9171874909901503
21.979496726989744,0.11207008361816406,1.1523162028810081,-0.8626838118127088,1.9513872839366488,-1.2289791437229818,1.0,1.0,2.0,-1.5,-1.0475465911372286,0.21782399697525465,0.053152610007788335,-0.2606354721939936,1.86953320500393
22.066210756301878,0.08671402931213379,1.184284977159848,-0.8201596839360795,1.955546149157385,-1.238061050594776,1.0,1.0,2.0,-1.5,-1.0259851334495083,0.1800945309792582,0.04809372612965643,-0.251465549721416,1.8300050198531788
22.164518127441404,0.09830737113952637,1.2141620301010088,-0.7777454167020021,1.958937131315194,-1.248902009419265,1.0,1.0,2.0,-1.5,-1.014788937093013,0.15571695587388049,0.046919791641429925,-0.24007037515492652,1.791069596896387
22.265918502807615,0.10140037536621094,1.2441542576203568,-0.7320119368528044,1.962154051096747,-1.2592748524339292,1.0,1.0,2.0,-1.5,-0.9926530914879378,0.11966861601204447,0.043805115914940504,-0.23049555721475082,1.7495453600187503
22.368669519424436,0.10275101661682129,1.2774466910850408,-0.6766645526005105,1.9649195814416824,-1.2686365786442444,1.0,1.0,2.0,-1.5,-0.9567653170059371,0.07319104757364465,0.04162871870168468,-0.22225234244037428,1.6998268512137742
22.47464943885803,0.10597991943359375,1.3084943191271927,-0.618169996534075,1.9665966425422403,-1.2788862277224127,1.0,1.0,2.0,-1.5,-0.926059412488676,0.039014484073233845,0.0420113580359962,-0.21144245988846003,1.6476524715200986
22.573207387924192,0.09855794906616211,1.3328057104922797,-0.5660383060503348,1.9670443045215942,-1.2923977382156016,1.0,1.0,2.0,-1.5,-0.9019346399246703,0.011185881450396644,0.04389300783208116,-0.1938930575840162,1.6013499601329304
22.678197870254515,0.10499048233032227,1.3549303155626071,-0.5092006879215923,1.9670301836910513,-1.3039948061074556,1.0,1.0,2.0,-1.5,-0.8694880574361878,-0.016720557388149183,0.045018351826867975,-0.18495936608563224,1.5507253961020389
22.77707053184509,0.09887266159057617,1.3719307899006188,-0.45509433621934925,1.9657400973046741,-1.3129197504980559,1.0,1.0,2.0,-1.5,-0.838273427706013,-0.03757674519092155,0.04931851632277989,-0.17805354358847555,1.5022668806528416
22.88020444869995,0.1031339168548584,1.384267857518686,-0.39898500848019797,1.9641367543839094,-1.3257666767104512,1.0,1.0,2.0,-1.5,-0.8055135692901177,-0.0563451456749215,0.05192711667281291,-0.161776774945249,1.4512432644668711
22.983129749298094,0.10292530059814453,1.392026236071569,-0.3413264453335966,1.9618972821625356,-1.3321083572438077,1.0,1.0,2.0,-1.5,-0.7687981387999094,-0.06867125540090789,0.0560529710492737,-0.16173020286094575,1.3979603069566406
23.085756072998045,0.10262632369995117,1.3950311125236838,-0.29075563367371493,1.959877535677381,-1.3422131669034576,1.0,1.0,2.0,-1.5,-0.747296926219122,-0.07643564907113905,0.05826701993396782,-0.14794061694522304,1.3504478878747794
23.18802023887634,0.1022641658782959,1.3947345328200842,-0.23674798976249473,1.9574430269823957,-1.351392997305461,1.0,1.0,2.0,-1.5,-0.7087588151781744,-0.08700835800498126,0.06223113083066148,-0.13963041708103258,1.2989118667310275
23.28783393859863,0.09981369972229004,1.3912328998441448,-0.1852377700703865,1.9555096683276778,-1.3579678935938244,1.0,1.0,2.0,-1.5,-0.6783491890431171,-0.09142245862749797,0.06388591733511431,-0.1354449382051605,1.2489320010049363
23.392880449295042,0.10504651069641113,1.385048341212796,-0.13247937070195825,1.9536733934646016,-1.364077775798772,1.0,1.0,2.0,-1.5,-0.6474153518637321,-0.09490809847019645,0.06595495289814175,-0.13010586517659975,1.197045489782788
23.4948575592041,0.10197710990905762,1.3760091143635385,-0.08057479834451822,1.95179640211415,-1.3676429820523028,1.0,1.0,2.0,-1.5,-0.6136620645532435,-0.09439366570051722,0.06863820923480968,-0.1288609331334578,1.1451411859464709
23.59860898017883,0.10375142097473145,1.362657543951271,-0.021396783097603456,1.9490061746255996,-1.37191578997258,1.0,1.0,2.0,-1.5,-0.5667224894162504,-0.09247662997725661,0.07394849312613827,-0.1239658973526299,1.0850678563726859
23.67015815734863,0.0715491771697998,1.351973147383123,0.017984876570283827,1.9467747823492012,-1.3766244259933789,1.0,1.0,2.0,-1.5,-0.5442490590374125,-0.09004435281282608,0.07767526346881042,-0.11679459543069096,1.0445437869794818
23.769848117828367,0.09968996047973633,1.3366818183111022,0.06700353844225225,1.9444596873264892,-1.377776970680754,1.0,1.0,2.0,-1.5,-0.522109433896054,-0.08535160762073184,0.07913744148252516,-0.121066900174617,0.9934393642253256
23.870012054443357,0.10016393661499023,1.319232848688679,0.11625306959256762,1.9432260972471285,-1.380550320710361,1.0,1.0,2.0,-1.5,-0.4903476367043421,-0.07935405658998514,0.07872063651410484,-0.11668086835495371,0.9413509041373682
23.970433483123777,0.10042142868041992,1.2997783065820547,0.16589761828261768,1.9424513794578149,-1.378511417290256,1.0,1.0,2.0,-1.5,-0.45814426920112183,-0.07008618722503167,0.07901904464465923,-0.12351892966546577,0.8882036140492351
24.070073375701902,0.099639892578125,1.2785372610192087,0.21564313855244535,1.941627169674415,-1.379530469294904,1.0,1.0,2.0,-1.5,-0.42512470386578555,-0.06126260062322419,0.0804103533978863,-0.11944679575599017,0.8343896447081308
24.17010284423828,0.10002946853637695,1.2557173115353626,0.26535821404888804,1.9408927910793254,-1.379441695581148,1.0,1.0,2.0,-1.5,-0.3931946768097297,-0.051440750882284864,0.08140117824165631,-0.12064705198000074,0.7801176572996571
24.270368824005125,0.1002659797668457,1.2317912151469945,0.3151666088280671,1.940144181908908,-1.377429632595074,1.0,1.0,2.0,-1.5,-0.3609884236032628,-0.040980579919589574,0.08262450646899014,-0.12457709290718803,0.7254699580566544
24.37004281044006,0.09967398643493652,1.207168351173562,0.3648877089102436,1.9396583317686886,-1.3759071240354468,1.0,1.0,2.0,-1.5,-0.328411903946963,-0.03073977696812392,0.08298988327794571,-0.12562036434350043,0.6707663266340891
24.46993161201477,0.09988880157470703,1.1819007696538246,0.41441193986010955,1.9396630298850077,-1.3775876598144077,1.0,1.0,2.0,-1.5,-0.29659952340580176,-0.021337359423090684,0.08230130971075626,-0.12072993359699788,0.6161508063304885
24.569940338134764,0.10000872611999512,1.1567675279369776,0.46393433319978067,1.9402436728167847,-1.3820243406231028,1.0,1.0,2.0,-1.5,-0.2646526249511362,-0.013796165291747632,0.0807515680561186,-0.11353936568451312,0.5617056841227995
24.669857988357542,0.09991765022277832,1.1321034038234417,0.5130516272684885,1.941290095742646,-1.382978222773272,1.0,1.0,2.0,-1.5,-0.23360479265664968,-0.0056998421722226685,0.07885578214014351,-0.11606710890932598,0.5079536197976288
24.77058554649353,0.10072755813598633,1.1085148413352763,0.5616939642374668,1.9430706370505704,-1.386446005783528,1.0,1.0,2.0,-1.5,-0.2039447255187782,0.00031716787265614335,0.07556506027185571,-0.11011125910561567,0.4551138364648071
24.874835262298582,0.10424971580505371,1.0855053441978635,0.6112355013279324,1.9453288443018508,-1.3915041943194166,-1.0,1.0,2.0,-1.5,-0.45345488925406735,-1.1917142958841422,0.0658903594599923,-0.10849580568058337,2.1221355544288314
24.973801145553587,0.09896588325500488,1.0649508084460018,0.6575688696335701,1.9479485859809391,-1.3985967264399368,-1.0,1.0,2.0,-1.5,-0.3416473825883149,-1.1708089950797191,0.05771000325650013,-0.09423662997820892,2.0937980490121797
25.074136028289793,0.10033488273620605,1.0440934523055787,0.7027844234386728,1.9503158633189885,-1.401970625329483,-1.0,1.0,2.0,-1.5,-0.3120747617436725,-1.1656795577067314,0.05569400255998357,-0.09466673667509853,2.066185774354997
25.173879871368406,0.09974384307861328,1.021842914287941,0.7473672838940701,1.9522338493310167,-1.4068585748197795,-1.0,1.0,2.0,-1.5,-0.2785525625376064,-1.1579946244978365,0.05450356733957865,-0.08824092271367324,2.0381250365110444
25.274067888259886,0.10018801689147949,0.9963581171884766,0.7917951296328171,1.9533902245680714,-1.4141071167903232,-1.0,1.0,2.0,-1.5,-0.24169924932082623,-1.145981555959194,0.054886817197450116,-0.07865794414665983,2.007726941412788
25.37406135559082,0.09999346733093262,0.9661587835791331,0.8358991931003201,1.9536224693181743,-1.4143334611490466,-1.0,1.0,2.0,-1.5,-0.21187759196608447,-1.1251211936156214,0.056683886429404556,-0.08544017970493614,1.9735400458117505
25.473963270187376,0.09990191459655762,0.9310620656304848,0.8793059571219348,1.953501757889091,-1.4167458590265791,-1.0,1.0,2.0,-1.5,-0.18015505737727366,-1.1013395656562126,0.057767183051913175,-0.08083937456251199,1.9353888084368815
25.574034223556517,0.10007095336914062,0.8915277532639124,0.9214599644103438,1.9526508522077881,-1.4177151511437522,-1.0,1.0,2.0,-1.5,-0.15151543370890724,-1.0751261408117812,0.0604841284225265,-0.08131624399685604,1.893749645638171
25.674310216903685,0.10027599334716797,0.8480516718146537,0.9618148667867141,1.9512664879867723,-1.420744742118274,-1.0,1.0,2.0,-1.5,-0.12238042745792861,-1.0472696109207378,0.06345020879554258,-0.0762340053631567,1.8490884352265566
25.773892173767088,0.09958195686340332,0.8000775432256185,0.9997034128819232,1.9491346912660965,-1.4154599811324748,-1.0,1.0,2.0,-1.5,-0.10313714598601986,-1.0140360966691777,0.06778201216611582,-0.08984696517813867,1.8007960820763946
25.87395716667175,0.10006499290466309,0.7481611660075087,1.0346624121098627,1.9466841871260805,-1.4173649294467994,-1.0,1.0,2.0,-1.5,-0.07944366890497738,-0.98044917905623,0.07160570257276842,-0.08073135951597558,1.7493174443343362
25.974231967926023,0.10027480125427246,0.692892986002225,1.0656183924333125,1.9444787709072937,-1.417520865152132,-1.0,1.0,2.0,-1.5,-0.06109262903200654,-0.9448100081066638,0.07403149063682554,-0.08232362648147662,1.6950737572038057
26.07379175186157,0.09955978393554688,0.6348359458471863,1.0924521490398165,1.9429379624575405,-1.418037474515357,-1.0,1.0,2.0,-1.5,-0.04438016275804281,-0.9072426269136898,0.07486101300571689,-0.08144363186836176,1.6384419568067223
26.173882255554197,0.10009050369262695,0.5751047382773644,1.1147829293894067,1.9419996927085548,-1.425598509466407,-1.0,1.0,2.0,-1.5,-0.02555621484012307,-0.871014789154443,0.07505680074424943,-0.06684729241079253,1.5803461940565178
26.275012502670286,0.10113024711608887,0.5137446769099049,1.1331110800159951,1.9418060071608159,-1.428504984390216,-1.0,1.0,2.0,-1.5,-0.01278991456308241,-0.8338487716331348,0.07409168112610222,-0.06862102389445413,1.5206998544415873
26.373693714141844,0.09868121147155762,0.4515946715227932,1.1478669084053275,1.9418643579468395,-1.4281435196905554,-1.0,1.0,2.0,-1.5,-0.003097116514537973,-0.7941119341387185,0.07380720199839097,-0.0722227756703044,1.4602641767405131
26.47555399894714,0.10186028480529785,0.3885757978683294,1.1593044447152123,1.9424616058400148,-1.4291356295318811,-1.0,1.0,2.0,-1.5,0.00421739727848384,-0.7585373421691065,0.07232912898684934,-0.06989037963035315,1.398867870577561
26.578147182464598,0.10259318351745605,0.32243348135979466,1.1675376742512742,1.9431085379030961,-1.4325880035243428,-1.0,1.0,2.0,-1.5,0.013144952775834507,-0.7153869619812735,0.07175616497468182,-0.06404688597406692,1.3342173074032715
26.681422004699705,0.10327482223510742,0.2581538910413941,1.1725084136096906,1.9433851749951594,-1.435747401867667,-1.0,1.0,2.0,-1.5,0.018505275250729987,-0.6802154498395291,0.0724419747185944,-0.06119338362588552,1.2711866915284555
26.77808714866638,0.0966651439666748,0.1934166638143878,1.174710254151457,1.9435845467335373,-1.4360953689325175,-1.0,1.0,2.0,-1.5,0.022618899820943443,-0.634378172379904,0.07259862925823082,-0.06354465946802929,1.207455883145546
26.875271806716917,0.09718465805053711,0.14647260702128795,1.1744453333329743,1.943662098584947,-1.434754084651191,-1.0,1.0,2.0,-1.5,0.01801081423314895,-0.6337255727889728,0.07303222886896242,-0.06662605528882815,1.1610359908752586
26.977020988464353,0.10174918174743652,0.07850054573069201,1.1714489840886488,1.943952341282,-1.4385731798784083,-1.0,1.0,2.0,-1.5,0.023883580104545544,-0.5649753064654146,0.0725581685007806,-0.05767337939447407,1.0934804622553618
27.08005739212036,0.10303640365600586,0.012822632341427654,1.1667867677222286,1.9442244394907406,-1.4363655798068273,-1.0,1.0,2.0,-1.5,0.022352029893243003,-0.5298561591179483,0.07256134314520453,-0.06577696398667615,1.0279778322611677
27.18238354682922,0.1023261547088623,-0.052851244641839844,1.1604809369049751,1.9442317098334398,-1.4366671032842797,-1.0,1.0,2.0,-1.5,0.021847990037483684,-0.4893346631342707,0.07335189569982632,-0.06303822769555602,0.9622655548623322
27.289083013534544,0.10669946670532227,-0.12190542262177137,1.1526160100635334,1.9436155545254483,-1.4386710663350817,-1.0,1.0,2.0,-1.5,0.02207959550132512,-0.44658027939205175,0.07556123777743266,-0.05945079583285546,0.8930402785094494
27.38895369529724,0.09987068176269531,-0.1914684139409988,1.1435379698953068,1.942570181242271,-1.4364256774944266,-1.0,1.0,2.0,-1.5,0.0198494245630543,-0.396876018737442,0.07804098119954664,-0.06582261880337013,0.8231796028445406
27.489914426803587,0.10096073150634766,-0.26129576325647946,1.1336705007925432,1.9405224788483761,-1.4372248343453304,-1.0,1.0,2.0,-1.5,0.01889768296549255,-0.35515845938252355,0.08276144834503571,-0.06198361349475522,0.7530533365488121
27.59359336853027,0.10367894172668457,-0.33127750723100063,1.122835162375495,1.9375747109370407,-1.436128233355408,-1.0,1.0,2.0,-1.5,0.01648765244931054,-0.31505187779430743,0.08825228461372642,-0.06492945586446594,0.6827702147615937
27.694005737304686,0.10041236877441406,-0.39595082171650137,1.112110757126836,1.9349971701721336,-1.4346735997049265,-1.0,1.0,2.0,-1.5,0.014061351586243357,-0.2803191598891913,0.09111926008778269,-0.06677506012476986,0.6177941400937313
27.79589344024658,0.10188770294189453,-0.46526634265140987,1.1009679829777315,1.9323644605443522,-1.4358400330651733,-1.0,1.0,2.0,-1.5,0.013811952216996451,-0.2327681238713427,0.09465702755438972,-0.06301514442281858,0.5483695688907685
27.89604164123535,0.10014820098876953,-0.5339751742776399,1.0904287272820306,1.93004686637854,-1.437247982598279,-1.0,1.0,2.0,-1.5,0.014179901420828683,-0.1902866166235563,0.09724888836971039,-0.061346151375966405,0.47984365559092873
28.001351842880247,0.10531020164489746,-0.5994500097457814,1.0818529888804556,1.9281170357214894,-1.4344968878431992,-1.0,0.0,3.0,0.0,0.6115075780051706,-0.3268736827428476,1.2919035676896076,1.4344968878431992,1.574731492462355
28.102919349670408,0.10156750679016113,-0.6669900517042684,1.074406311523217,1.9269339119390874,-1.4344847447875655,-1.0,0.0,3.0,0.0,0.6162779416623928,-0.18629346947044575,1.301102477493771,1.4344727891375575,1.5545788424043343
28.206507215499876,0.10358786582946777,-0.7418704635615381,1.0659073812173605,1.9294759661052894,-1.4069832170363386,-1.0,0.0,3.0,0.0,0.6143882974082713,-0.14967395306171194,1.2963589332602727,1.3804342312733713,1.53258314947731
28.31161142349243,0.10510420799255371,-0.8019517517321905,1.0565786791031146,1.935672771069794,-1.3813980708652704,-1.0,0.0,3.0,0.0,0.6074398529004003,-0.15138784946472517,1.2876323109159071,1.357055424020074,1.5127372752793136
28.381734619140623,0.07012319564819336,-0.856983008735657,1.0446766323049292,1.9437809332391622,-1.352113014230789,-1.0,0.0,3.0,0.0,0.5987113369470958,-0.10173928261434492,1.2702720461397843,1.3103507180835852,1.492448271419619
28.481759319305418,0.10002470016479492,-0.9128984706549704,1.0267928995034117,1.9545502009350644,-1.3218230409466176,-1.0,0.0,3.0,0.0,0.5845348774284742,-0.11748877711373379,1.2641697266101113,1.2915405474882347,1.4679426478067121
28.58270526885986,0.10094594955444336,-0.9642323985465682,1.00426362242707,1.9666986328146658,-1.2933641733332073,-1.0,0.0,3.0,0.0,0.5688774304917789,-0.1065216052116311,1.2522710229461465,1.2651719895566194,1.4413661783430167
28.68185592651367,0.0991506576538086,-1.010724734816226,0.9771462687090094,1.9798669558722737,-1.261237959100147,-1.0,0.0,3.0,0.0,0.5500902337230525,-0.09686007988704166,1.239033309275269,1.2288365459443904,1.4126575232908078
28.782281885147093,0.10042595863342285,-1.0527542376365173,0.94591331670595,1.9943818444638999,-1.2312448044338242,-1.0,0.0,3.0,0.0,0.5307581191027123,-0.08881355289699647,1.224320555061596,1.2013788663093952,1.3815943279610297
28.882010707855223,0.09972882270812988,-1.0899219918066254,0.911052661812945,2.0095716065073335,-1.1983218970688085,-1.0,0.0,3.0,0.0,0.5091292658329166,-0.08238129594147088,1.2080519417238855,1.165309467491284,1.34872210623367
28.9824006652832,0.10038995742797852,-1.1220138569171605,0.8727401210396553,2.025189184443285,-1.1685971619512616,-1.0,0.0,3.0,0.0,0.4853467037856776,-0.0760808326674317,1.1886591534686477,1.1389878903875477,1.3140847865638126
29.08250356674194,0.10010290145874023,-1.1495197107740684,0.8312123759196026,2.0408067134575294,-1.1395214067555832,-1.0,0.0,3.0,0.0,0.45991515253166937,-0.06864947512262852,1.1698289941129267,1.1104755401803146,1.278014835101697
29.181767234802244,0.09926366806030273,-1.1725811739474776,0.7872475802616088,2.0560552683783375,-1.109058217164877,-1.0,0.0,3.0,0.0,0.43363021872001284,-0.06215849157250714,1.1520103423716042,1.0783690534597843,1.2411988843795905
29.28214765548706,0.10038042068481445,-1.19223563242433,0.740644180878411,2.071340523106669,-1.0758002509342253,-1.0,0.0,3.0,0.0,0.40698944324348013,-0.05601267720629825,1.1339367186173257,1.042668325401577,1.2032941307371319
29.38223982810974,0.10009217262268066,-1.208652069194258,0.6917938414790187,2.0864029752388253,-1.0390275462044145,-1.0,0.0,3.0,0.0,0.3789997569582769,-0.04970629563126271,1.1162192667935122,1.0022887046284268,1.1648063910967408
29.48233486175537,0.10009503364562988,-1.2214310797958359,0.6418602012107933,2.10161560094551,-1.0028103185732107,-1.0,0.0,3.0,0.0,0.3516397796905988,-0.0443535312294484,1.0976649142254749,0.9666274768156216,1.126104244491782
29.585707912445066,0.10337305068969727,-1.2301254793112013,0.591048262632081,2.116244654529566,-0.9621862072296706,-1.0,0.0,3.0,0.0,0.32481921788119256,-0.04268156666316192,1.0822029960498263,0.9228876559414007,1.0878048058526757
29.68600107192993,0.10029315948486328,-1.2341690629135278,0.5378129932112021,2.131049116698805,-0.9210130540626724,-1.0,0.0,3.0,0.0,0.2903024709879284,-0.036239069552096916,1.0632186832703838,0.879960251081416,1.0484052667182284
29.785962591171263,0.09996151924133301,-1.2338113041306196,0.48655617402346685,2.144776925972866,-0.8825974089658298,-1.0,0.0,3.0,0.0,0.2628613433721296,-0.03461731252573395,1.0488015010870164,0.8441669755466485,1.0113412593027318
29.886340627670286,0.10037803649902344,-1.2293447136767959,0.43545122023707267,2.1582659756659295,-0.8484809888654931,-1.0,0.0,3.0,0.0,0.23325416077414307,-0.03009538240422729,1.0332043327808842,0.8144930555583212,0.9750553474644794
29.986205110549925,0.09986448287963867,-1.2213691327158447,0.38482961428034984,2.1722325225132475,-0.8115483286530174,-1.0,0.0,3.0,0.0,0.20340070122520595,-0.02516768051034116,1.015349973796832,0.7745655504444839,0.9393067239891927
